sample_name;sample_nr;FOV;DAPI;DAPI_FITC_FISH;DAPI_FITC;DAPI_FISH
C1T4ALTHPG;1421;10;31;0;24;0
C1T4ALTHPG;1421;11;29;0;21;0
C1T4ALTHPG;1421;12;32;0;25;0
C1T4ALTHPG;1421;13;19;0;16;0
C1T4ALTHPG;1421;14;28;0;20;0
C1T4ALTHPG;1421;15;31;0;23;0
C1T4ALTHPG;1421;16;20;0;17;0
C1T4ALTHPG;1421;17;33;0;27;0
C1T4ALTHPG;1421;18;33;0;24;0
C1T4ALTHPG;1421;19;35;0;25;0
C1T4ALTHPG;1421;1;40;0;35;0
C1T4ALTHPG;1421;20;32;1;28;1
C1T4ALTHPG;1421;2;41;0;34;0
C1T4ALTHPG;1421;3;31;0;28;0
C1T4ALTHPG;1421;4;29;0;27;0
C1T4ALTHPG;1421;5;25;1;17;1
C1T4ALTHPG;1421;6;21;0;19;0
C1T4ALTHPG;1421;7;26;0;21;0
C1T4ALTHPG;1421;8;31;0;22;0
C1T4ALTHPG;1421;9;35;0;23;0
C1T7ALTHPG;1721;10;180;0;57;0
C1T7ALTHPG;1721;11;155;0;63;0
C1T7ALTHPG;1721;12;169;0;64;2
C1T7ALTHPG;1721;13;149;0;49;0
C1T7ALTHPG;1721;14;187;0;57;0
C1T7ALTHPG;1721;15;164;0;72;0
C1T7ALTHPG;1721;16;183;1;49;1
C1T7ALTHPG;1721;17;147;0;54;1
C1T7ALTHPG;1721;18;189;0;74;3
C1T7ALTHPG;1721;19;171;2;90;2
C1T7ALTHPG;1721;1;66;1;20;1
C1T7ALTHPG;1721;20;175;0;62;0
C1T7ALTHPG;1721;2;106;2;31;2
C1T7ALTHPG;1721;3;103;0;17;0
C1T7ALTHPG;1721;4;86;2;32;2
C1T7ALTHPG;1721;5;135;0;45;0
C1T7ALTHPG;1721;6;85;1;23;1
C1T7ALTHPG;1721;7;126;1;43;1
C1T7ALTHPG;1721;8;168;0;55;0
C1T7ALTHPG;1721;9;171;1;64;4
C2T4ALTHPG;2421;10;287;0;195;0
C2T4ALTHPG;2421;11;315;0;231;0
C2T4ALTHPG;2421;12;329;0;233;1
C2T4ALTHPG;2421;13;278;0;207;0
C2T4ALTHPG;2421;14;223;1;159;1
C2T4ALTHPG;2421;15;255;1;184;1
C2T4ALTHPG;2421;16;214;0;137;0
C2T4ALTHPG;2421;17;205;0;129;0
C2T4ALTHPG;2421;18;201;0;157;0
C2T4ALTHPG;2421;19;197;2;142;2
C2T4ALTHPG;2421;1;218;1;131;1
C2T4ALTHPG;2421;20;209;0;140;0
C2T4ALTHPG;2421;2;204;0;138;0
C2T4ALTHPG;2421;3;344;0;240;0
C2T4ALTHPG;2421;4;224;1;134;1
C2T4ALTHPG;2421;5;239;0;145;0
C2T4ALTHPG;2421;6;271;0;172;0
C2T4ALTHPG;2421;7;246;0;165;0
C2T4ALTHPG;2421;8;284;0;178;0
C2T4ALTHPG;2421;9;233;1;140;2
C2T7ALTHPG;2721;10;109;0;58;0
C2T7ALTHPG;2721;11;104;0;42;0
C2T7ALTHPG;2721;12;110;0;32;0
C2T7ALTHPG;2721;13;106;0;73;0
C2T7ALTHPG;2721;14;118;2;85;2
C2T7ALTHPG;2721;15;155;0;104;0
C2T7ALTHPG;2721;16;147;0;109;1
C2T7ALTHPG;2721;17;202;0;142;0
C2T7ALTHPG;2721;18;180;0;121;1
C2T7ALTHPG;2721;19;185;1;116;1
C2T7ALTHPG;2721;1;89;0;45;1
C2T7ALTHPG;2721;20;140;0;99;0
C2T7ALTHPG;2721;21;140;0;99;0
C2T7ALTHPG;2721;2;110;0;55;0
C2T7ALTHPG;2721;3;149;0;65;0
C2T7ALTHPG;2721;4;133;0;60;0
C2T7ALTHPG;2721;5;100;0;24;0
C2T7ALTHPG;2721;6;101;0;37;1
C2T7ALTHPG;2721;7;107;0;45;1
C2T7ALTHPG;2721;8;132;0;46;0
C2T7ALTHPG;2721;9;99;0;20;0
C3T7ALTHPG;3721;10;73;0;51;0
C3T7ALTHPG;3721;11;70;0;47;0
C3T7ALTHPG;3721;12;73;1;47;1
C3T7ALTHPG;3721;13;62;0;32;0
C3T7ALTHPG;3721;14;75;0;45;0
C3T7ALTHPG;3721;15;63;0;43;0
C3T7ALTHPG;3721;16;69;0;40;0
C3T7ALTHPG;3721;17;85;0;52;0
C3T7ALTHPG;3721;18;103;1;70;1
C3T7ALTHPG;3721;19;85;0;50;0
C3T7ALTHPG;3721;1;86;0;45;0
C3T7ALTHPG;3721;20;98;1;64;1
C3T7ALTHPG;3721;2;93;0;58;0
C3T7ALTHPG;3721;3;89;0;52;0
C3T7ALTHPG;3721;4;69;0;37;0
C3T7ALTHPG;3721;5;56;0;28;0
C3T7ALTHPG;3721;6;91;0;51;0
C3T7ALTHPG;3721;7;80;0;48;0
C3T7ALTHPG;3721;8;70;0;31;0
C3T7ALTHPG;3721;9;85;0;43;0
J1T4ALTHPG;4421;10;1095;33;610;37
J1T4ALTHPG;4421;11;758;22;402;26
J1T4ALTHPG;4421;12;1014;31;622;35
J1T4ALTHPG;4421;13;538;22;343;23
J1T4ALTHPG;4421;14;653;37;408;38
J1T4ALTHPG;4421;15;1035;38;645;44
J1T4ALTHPG;4421;16;802;23;474;27
J1T4ALTHPG;4421;17;958;57;604;64
J1T4ALTHPG;4421;18;1223;36;653;42
J1T4ALTHPG;4421;19;1235;36;715;44
J1T4ALTHPG;4421;1;153;4;49;5
J1T4ALTHPG;4421;20;1183;48;691;54
J1T4ALTHPG;4421;2;202;5;76;6
J1T4ALTHPG;4421;3;913;26;382;32
J1T4ALTHPG;4421;4;447;7;208;12
J1T4ALTHPG;4421;5;1162;42;636;48
J1T4ALTHPG;4421;6;584;14;331;16
J1T4ALTHPG;4421;7;834;36;528;42
J1T4ALTHPG;4421;8;894;21;475;24
J1T4ALTHPG;4421;9;575;28;317;33
J1T7ALTHPG;4721;10;271;19;148;25
J1T7ALTHPG;4721;11;103;8;69;10
J1T7ALTHPG;4721;12;173;7;62;11
J1T7ALTHPG;4721;13;217;8;118;9
J1T7ALTHPG;4721;14;186;4;67;10
J1T7ALTHPG;4721;15;240;8;104;14
J1T7ALTHPG;4721;16;171;2;58;4
J1T7ALTHPG;4721;17;213;13;79;19
J1T7ALTHPG;4721;18;252;23;112;25
J1T7ALTHPG;4721;19;148;3;64;6
J1T7ALTHPG;4721;1;170;0;95;0
J1T7ALTHPG;4721;20;112;12;48;13
J1T7ALTHPG;4721;2;184;11;69;13
J1T7ALTHPG;4721;3;158;5;69;9
J1T7ALTHPG;4721;4;173;0;44;0
J1T7ALTHPG;4721;5;134;4;51;5
J1T7ALTHPG;4721;6;246;8;101;9
J1T7ALTHPG;4721;7;268;4;123;6
J1T7ALTHPG;4721;8;202;3;82;5
J2T4ALTHPG;5421;10;197;7;103;9
J2T4ALTHPG;5421;11;237;10;123;15
J2T4ALTHPG;5421;12;242;8;137;9
J2T4ALTHPG;5421;13;248;3;133;3
J2T4ALTHPG;5421;14;306;10;178;14
J2T4ALTHPG;5421;15;196;4;107;7
J2T4ALTHPG;5421;16;193;3;110;4
J2T4ALTHPG;5421;17;220;5;121;7
J2T4ALTHPG;5421;18;246;4;135;6
J2T4ALTHPG;5421;19;387;13;212;15
J2T4ALTHPG;5421;1;122;4;75;5
J2T4ALTHPG;5421;20;297;12;178;13
J2T4ALTHPG;5421;2;162;2;91;3
J2T4ALTHPG;5421;3;129;1;65;4
J2T4ALTHPG;5421;4;180;5;98;9
J2T4ALTHPG;5421;5;132;1;89;3
J2T4ALTHPG;5421;6;132;1;89;3
J2T4ALTHPG;5421;7;135;2;83;4
J2T4ALTHPG;5421;8;184;4;103;5
J2T4ALTHPG;5421;9;230;6;135;10
J2T7ALTHPG;5721;10;321;12;169;20
J2T7ALTHPG;5721;11;279;5;130;10
J2T7ALTHPG;5721;12;425;12;194;16
J2T7ALTHPG;5721;13;411;4;205;12
J2T7ALTHPG;5721;14;365;12;191;13
J2T7ALTHPG;5721;15;379;10;174;13
J2T7ALTHPG;5721;16;444;14;236;18
J2T7ALTHPG;5721;17;486;11;251;14
J2T7ALTHPG;5721;18;325;7;156;9
J2T7ALTHPG;5721;19;423;9;179;16
J2T7ALTHPG;5721;1;291;8;139;13
J2T7ALTHPG;5721;20;432;4;224;8
J2T7ALTHPG;5721;2;204;3;79;4
J2T7ALTHPG;5721;3;271;4;120;6
J2T7ALTHPG;5721;4;247;8;131;9
J2T7ALTHPG;5721;5;163;13;75;19
J2T7ALTHPG;5721;6;376;12;175;15
J2T7ALTHPG;5721;7;235;14;109;17
J2T7ALTHPG;5721;8;259;4;123;7
J2T7ALTHPG;5721;9;322;13;147;13
J3T4ALTHPG;6421;10;860;48;429;86
J3T4ALTHPG;6421;11;1067;66;537;109
J3T4ALTHPG;6421;12;1284;85;668;133
J3T4ALTHPG;6421;13;727;47;379;90
J3T4ALTHPG;6421;14;763;53;391;92
J3T4ALTHPG;6421;15;649;65;341;100
J3T4ALTHPG;6421;16;922;74;513;127
J3T4ALTHPG;6421;17;800;45;407;87
J3T4ALTHPG;6421;18;847;50;435;89
J3T4ALTHPG;6421;19;967;68;516;112
J3T4ALTHPG;6421;1;615;67;369;97
J3T4ALTHPG;6421;20;833;53;426;96
J3T4ALTHPG;6421;2;739;71;397;112
J3T4ALTHPG;6421;3;681;69;405;98
J3T4ALTHPG;6421;4;767;80;461;117
J3T4ALTHPG;6421;5;959;73;500;122
J3T4ALTHPG;6421;6;930;60;493;111
J3T4ALTHPG;6421;7;869;54;471;99
J3T4ALTHPG;6421;8;916;59;487;105
J3T4ALTHPG;6421;9;994;65;537;121
J3T7ALTHPG;6721;10;102;3;46;7
J3T7ALTHPG;6721;11;128;5;45;7
J3T7ALTHPG;6721;12;186;46;96;48
J3T7ALTHPG;6721;13;140;4;54;4
J3T7ALTHPG;6721;14;242;35;130;41
J3T7ALTHPG;6721;15;335;71;232;76
J3T7ALTHPG;6721;16;117;18;61;18
J3T7ALTHPG;6721;17;129;6;58;8
J3T7ALTHPG;6721;18;88;1;25;1
J3T7ALTHPG;6721;19;135;5;41;5
J3T7ALTHPG;6721;1;126;18;69;19
J3T7ALTHPG;6721;20;110;4;49;7
J3T7ALTHPG;6721;3;141;34;83;36
J3T7ALTHPG;6721;4;128;25;72;28
J3T7ALTHPG;6721;5;98;5;38;6
J3T7ALTHPG;6721;6;258;43;175;46
J3T7ALTHPG;6721;7;151;3;71;3
J3T7ALTHPG;6721;8;96;4;44;4
J3T7ALTHPG;6721;9;174;10;84;12
T0ALTHPG;21;10;121;1;42;1
T0ALTHPG;21;11;130;0;49;0
T0ALTHPG;21;12;124;2;51;2
T0ALTHPG;21;13;95;2;31;2
T0ALTHPG;21;14;123;1;47;2
T0ALTHPG;21;15;81;0;29;0
T0ALTHPG;21;16;104;1;39;1
T0ALTHPG;21;17;126;1;48;1
T0ALTHPG;21;18;106;3;43;4
T0ALTHPG;21;19;96;0;31;0
T0ALTHPG;21;1;110;2;34;2
T0ALTHPG;21;20;88;2;36;2
T0ALTHPG;21;2;35;0;7;0
T0ALTHPG;21;3;143;1;55;1
T0ALTHPG;21;4;50;0;16;1
T0ALTHPG;21;5;89;0;37;0
T0ALTHPG;21;6;62;0;24;0
T0ALTHPG;21;7;105;1;39;1
T0ALTHPG;21;8;85;0;31;0
T0ALTHPG;21;9;109;0;26;0
C1T4EUBHPG;1411;1;30;27;28;28
C1T4EUBHPG;1411;23;25;13;20;16
C1T4EUBHPG;1411;24;30;15;18;22
C1T4EUBHPG;1411;25;32;20;23;24
C1T4EUBHPG;1411;26;19;14;16;14
C1T4EUBHPG;1411;27;37;12;19;21
C1T4EUBHPG;1411;28;9;5;6;8
C1T4EUBHPG;1411;29;25;13;15;17
C1T4EUBHPG;1411;30;36;19;27;24
C1T4EUBHPG;1411;31;38;23;26;28
C1T4EUBHPG;1411;32;29;21;24;24
C1T4EUBHPG;1411;33;32;21;24;25
C1T4EUBHPG;1411;34;12;7;8;10
C1T4EUBHPG;1411;35;25;18;20;21
C1T4EUBHPG;1411;36;16;11;13;13
C1T4EUBHPG;1411;37;28;17;19;24
C1T4EUBHPG;1411;38;31;22;24;24
C1T4EUBHPG;1411;39;34;21;27;23
C1T4EUBHPG;1411;40;21;15;17;18
C1T4EUBHPG;1411;41;31;16;21;22
C1T7EUBHPG;1711;10;105;39;59;58
C1T7EUBHPG;1711;11;103;42;68;57
C1T7EUBHPG;1711;12;90;38;56;50
C1T7EUBHPG;1711;13;76;11;49;20
C1T7EUBHPG;1711;14;66;16;46;24
C1T7EUBHPG;1711;15;48;7;28;13
C1T7EUBHPG;1711;16;72;23;42;39
C1T7EUBHPG;1711;17;83;19;46;34
C1T7EUBHPG;1711;18;93;26;56;42
C1T7EUBHPG;1711;19;112;35;72;52
C1T7EUBHPG;1711;1;10;5;7;5
C1T7EUBHPG;1711;20;160;51;96;79
C1T7EUBHPG;1711;2;94;11;57;18
C1T7EUBHPG;1711;3;143;57;91;80
C1T7EUBHPG;1711;4;122;51;83;72
C1T7EUBHPG;1711;5;77;24;59;30
C1T7EUBHPG;1711;6;162;55;101;76
C1T7EUBHPG;1711;7;91;31;63;46
C1T7EUBHPG;1711;8;75;35;59;41
C1T7EUBHPG;1711;9;91;24;50;38
C2T4EUBHPG;2411;10;240;116;147;150
C2T4EUBHPG;2411;11;278;165;196;193
C2T4EUBHPG;2411;12;340;185;207;251
C2T4EUBHPG;2411;13;175;101;120;116
C2T4EUBHPG;2411;14;175;94;119;115
C2T4EUBHPG;2411;15;256;147;179;186
C2T4EUBHPG;2411;16;333;179;212;241
C2T4EUBHPG;2411;17;292;163;210;192
C2T4EUBHPG;2411;18;336;191;234;232
C2T4EUBHPG;2411;19;224;115;151;145
C2T4EUBHPG;2411;1;214;107;164;123
C2T4EUBHPG;2411;20;295;134;190;170
C2T4EUBHPG;2411;2;174;96;119;108
C2T4EUBHPG;2411;3;290;157;203;181
C2T4EUBHPG;2411;4;328;175;209;225
C2T4EUBHPG;2411;5;258;146;181;180
C2T4EUBHPG;2411;6;126;53;72;78
C2T4EUBHPG;2411;7;190;105;123;133
C2T4EUBHPG;2411;8;363;175;235;223
C2T4EUBHPG;2411;9;234;106;153;136
C2T7EUBHPG;2711;10;64;9;39;16
C2T7EUBHPG;2711;11;75;24;47;33
C2T7EUBHPG;2711;12;87;16;62;25
C2T7EUBHPG;2711;13;98;34;75;46
C2T7EUBHPG;2711;14;86;28;57;36
C2T7EUBHPG;2711;15;90;32;59;44
C2T7EUBHPG;2711;16;117;35;78;47
C2T7EUBHPG;2711;17;79;18;58;26
C2T7EUBHPG;2711;18;112;27;69;38
C2T7EUBHPG;2711;19;75;24;52;31
C2T7EUBHPG;2711;1;75;26;54;35
C2T7EUBHPG;2711;20;69;16;43;24
C2T7EUBHPG;2711;2;65;14;40;25
C2T7EUBHPG;2711;3;86;31;60;44
C2T7EUBHPG;2711;4;47;13;31;20
C2T7EUBHPG;2711;5;106;28;70;38
C2T7EUBHPG;2711;6;61;6;42;15
C2T7EUBHPG;2711;7;102;36;74;46
C2T7EUBHPG;2711;8;88;24;58;33
C2T7EUBHPG;2711;9;58;6;38;14
C3T4EUBHPG;3411;1;86;25;47;33
C3T4EUBHPG;3411;2;101;25;54;35
C3T7EUBHPG;3711;10;70;21;41;34
C3T7EUBHPG;3711;11;29;6;18;7
C3T7EUBHPG;3711;12;73;26;45;36
C3T7EUBHPG;3711;13;53;15;37;23
C3T7EUBHPG;3711;14;33;10;24;13
C3T7EUBHPG;3711;15;25;7;18;9
C3T7EUBHPG;3711;16;23;2;12;7
C3T7EUBHPG;3711;17;30;7;16;12
C3T7EUBHPG;3711;18;48;14;33;16
C3T7EUBHPG;3711;19;73;8;36;13
C3T7EUBHPG;3711;1;62;16;35;31
C3T7EUBHPG;3711;20;44;15;27;18
C3T7EUBHPG;3711;2;59;12;37;21
C3T7EUBHPG;3711;3;62;21;41;30
C3T7EUBHPG;3711;4;59;21;39;26
C3T7EUBHPG;3711;5;63;22;39;28
C3T7EUBHPG;3711;6;26;1;21;2
C3T7EUBHPG;3711;7;43;6;26;9
C3T7EUBHPG;3711;8;44;6;35;9
C3T7EUBHPG;3711;9;63;15;31;18
J1T4EUBHPG;4411;10;1158;791;804;1087
J1T4EUBHPG;4411;11;872;576;589;799
J1T4EUBHPG;4411;12;767;494;503;711
J1T4EUBHPG;4411;13;1194;728;738;1093
J1T4EUBHPG;4411;14;1036;590;600;944
J1T4EUBHPG;4411;15;1158;751;765;1017
J1T4EUBHPG;4411;16;725;483;490;642
J1T4EUBHPG;4411;17;1133;692;701;1060
J1T4EUBHPG;4411;18;1105;724;739;1012
J1T4EUBHPG;4411;19;1243;804;816;1157
J1T4EUBHPG;4411;20;911;541;547;853
J1T4EUBHPG;4411;2;330;223;225;307
J1T4EUBHPG;4411;3;163;88;90;146
J1T4EUBHPG;4411;4;505;295;299;477
J1T4EUBHPG;4411;5;1194;812;824;1155
J1T4EUBHPG;4411;6;896;538;548;837
J1T4EUBHPG;4411;7;838;548;554;804
J1T4EUBHPG;4411;8;877;603;609;831
J1T4EUBHPG;4411;9;1103;696;709;1049
J1T7EUBHPG;4711;10;136;51;64;80
J1T7EUBHPG;4711;11;179;60;75;105
J1T7EUBHPG;4711;12;150;59;70;102
J1T7EUBHPG;4711;13;198;66;91;122
J1T7EUBHPG;4711;14;158;54;73;104
J1T7EUBHPG;4711;15;175;56;72;92
J1T7EUBHPG;4711;16;284;138;171;192
J1T7EUBHPG;4711;17;183;90;112;118
J1T7EUBHPG;4711;18;178;79;83;129
J1T7EUBHPG;4711;19;140;42;61;80
J1T7EUBHPG;4711;1;200;70;102;119
J1T7EUBHPG;4711;20;229;75;118;114
J1T7EUBHPG;4711;2;137;47;61;88
J1T7EUBHPG;4711;3;166;50;73;89
J1T7EUBHPG;4711;4;194;81;100;124
J1T7EUBHPG;4711;5;163;56;81;84
J1T7EUBHPG;4711;6;244;95;122;134
J1T7EUBHPG;4711;7;183;56;100;88
J1T7EUBHPG;4711;8;208;75;102;115
J1T7EUBHPG;4711;9;227;65;99;120
J2T4EUBHPG;5411;2;176;73;74;141
J2T4EUBHPG;5411;3;169;59;65;108
J2T4EUBHPG;5411;4;158;88;89;138
J2T4EUBHPG;5411;5;125;68;69;108
J2T4EUBHPG;5411;6;101;47;50;86
J2T4EUBHPG;5411;7;97;57;61;84
J2T4EUBHPG;5411;8;125;79;81;112
J2T4EUBHPG;5411;9;269;83;88;238
J2T4EUBHPG;5411;10;105;68;70;100
J2T4EUBHPG;5411;11;135;60;63;119
J2T4EUBHPG;5411;12;130;55;60;107
J2T4EUBHPG;5411;13;116;77;79;110
J2T4EUBHPG;5411;14;130;49;54;110
J2T4EUBHPG;5411;15;131;71;72;114
J2T4EUBHPG;5411;16;134;75;78;116
J2T4EUBHPG;5411;17;135;74;75;126
J2T4EUBHPG;5411;18;119;75;76;111
J2T4EUBHPG;5411;19;153;78;83;137
J2T4EUBHPG;5411;1;121;75;77;108
J2T4EUBHPG;5411;20;129;64;64;110
J2T4EUBHPG;5411;21;85;42;45;66
J2T7EUBHPG;5711;10;341;145;182;203
J2T7EUBHPG;5711;11;350;154;174;245
J2T7EUBHPG;5711;12;201;89;104;135
J2T7EUBHPG;5711;13;201;74;96;110
J2T7EUBHPG;5711;14;212;109;130;132
J2T7EUBHPG;5711;15;282;116;129;180
J2T7EUBHPG;5711;16;291;112;137;172
J2T7EUBHPG;5711;17;306;126;149;177
J2T7EUBHPG;5711;18;182;57;83;84
J2T7EUBHPG;5711;19;143;36;60;50
J2T7EUBHPG;5711;1;275;114;135;170
J2T7EUBHPG;5711;20;181;52;70;93
J2T7EUBHPG;5711;2;159;105;112;129
J2T7EUBHPG;5711;3;409;157;188;222
J2T7EUBHPG;5711;4;257;139;152;178
J2T7EUBHPG;5711;5;320;139;156;220
J2T7EUBHPG;5711;6;223;79;96;137
J2T7EUBHPG;5711;7;242;78;101;109
J2T7EUBHPG;5711;8;171;95;98;122
J2T7EUBHPG;5711;9;409;184;214;261
J3T4EUBHPG;6411;10;798;407;411;739
J3T4EUBHPG;6411;11;908;410;418;852
J3T4EUBHPG;6411;12;689;356;359;625
J3T4EUBHPG;6411;13;623;333;345;535
J3T4EUBHPG;6411;14;537;289;298;498
J3T4EUBHPG;6411;15;709;321;326;649
J3T4EUBHPG;6411;16;820;383;386;769
J3T4EUBHPG;6411;17;423;252;257;382
J3T4EUBHPG;6411;18;710;422;429;651
J3T4EUBHPG;6411;19;680;412;425;619
J3T4EUBHPG;6411;1;857;487;502;772
J3T4EUBHPG;6411;20;604;328;337;548
J3T4EUBHPG;6411;2;961;534;551;853
J3T4EUBHPG;6411;3;821;535;560;721
J3T4EUBHPG;6411;4;650;394;411;566
J3T4EUBHPG;6411;5;599;405;421;543
J3T4EUBHPG;6411;6;844;422;433;762
J3T4EUBHPG;6411;7;942;457;460;883
J3T4EUBHPG;6411;8;802;397;404;717
J3T4EUBHPG;6411;9;784;353;355;711
J3T7EUBHPG;6711;10;86;28;35;63
J3T7EUBHPG;6711;11;101;20;37;28
J3T7EUBHPG;6711;12;132;38;56;62
J3T7EUBHPG;6711;13;210;122;137;163
J3T7EUBHPG;6711;14;86;13;29;26
J3T7EUBHPG;6711;15;98;39;52;54
J3T7EUBHPG;6711;16;75;16;29;23
J3T7EUBHPG;6711;17;188;24;69;25
J3T7EUBHPG;6711;18;108;35;54;52
J3T7EUBHPG;6711;19;129;26;43;43
J3T7EUBHPG;6711;1;119;53;62;75
J3T7EUBHPG;6711;21;89;16;29;29
J3T7EUBHPG;6711;2;79;16;34;21
J3T7EUBHPG;6711;3;286;207;228;246
J3T7EUBHPG;6711;4;73;42;49;56
J3T7EUBHPG;6711;5;97;38;46;61
J3T7EUBHPG;6711;6;150;48;60;78
J3T7EUBHPG;6711;7;100;31;41;47
J3T7EUBHPG;6711;8;121;42;59;68
J3T7EUBHPG;6711;9;119;59;71;84
T0EUBHPG;11;10;115;23;46;36
T0EUBHPG;11;11;110;23;49;36
T0EUBHPG;11;12;112;17;32;35
T0EUBHPG;11;13;96;16;37;27
T0EUBHPG;11;14;118;11;39;25
T0EUBHPG;11;15;104;10;35;17
T0EUBHPG;11;16;120;25;45;47
T0EUBHPG;11;17;71;11;27;21
T0EUBHPG;11;18;121;16;40;28
T0EUBHPG;11;19;141;23;55;31
T0EUBHPG;11;1;100;14;31;15
T0EUBHPG;11;20;155;22;50;37
T0EUBHPG;11;2;154;19;60;44
T0EUBHPG;11;3;125;18;40;38
T0EUBHPG;11;4;122;18;42;35
T0EUBHPG;11;5;130;20;56;29
T0EUBHPG;11;6;150;23;62;32
T0EUBHPG;11;7;155;27;66;41
T0EUBHPG;11;8;124;31;65;46
T0EUBHPG;11;9;139;12;46;25
C1T4GVHPG;1431;10;30;0;27;0
C1T4GVHPG;1431;11;36;0;27;0
C1T4GVHPG;1431;12;24;0;21;0
C1T4GVHPG;1431;13;34;1;26;1
C1T4GVHPG;1431;14;26;1;22;1
C1T4GVHPG;1431;15;40;0;33;0
C1T4GVHPG;1431;16;42;0;39;0
C1T4GVHPG;1431;17;35;0;29;0
C1T4GVHPG;1431;18;51;0;40;0
C1T4GVHPG;1431;19;40;0;36;0
C1T4GVHPG;1431;1;25;0;20;0
C1T4GVHPG;1431;20;27;0;22;0
C1T4GVHPG;1431;2;36;0;31;0
C1T4GVHPG;1431;3;36;0;33;0
C1T4GVHPG;1431;4;35;0;28;0
C1T4GVHPG;1431;5;31;0;29;0
C1T4GVHPG;1431;6;25;0;21;0
C1T4GVHPG;1431;7;22;0;20;0
C1T4GVHPG;1431;8;29;0;22;0
C1T4GVHPG;1431;9;34;0;29;0
C1T7GVHPG;1731;10;130;0;78;0
C1T7GVHPG;1731;11;94;0;59;0
C1T7GVHPG;1731;12;151;2;92;2
C1T7GVHPG;1731;13;148;1;101;1
C1T7GVHPG;1731;14;140;0;95;1
C1T7GVHPG;1731;15;121;1;85;1
C1T7GVHPG;1731;16;203;1;111;1
C1T7GVHPG;1731;17;141;3;90;3
C1T7GVHPG;1731;18;128;1;80;1
C1T7GVHPG;1731;19;116;2;74;3
C1T7GVHPG;1731;1;138;1;108;1
C1T7GVHPG;1731;20;84;1;58;1
C1T7GVHPG;1731;2;134;1;98;1
C1T7GVHPG;1731;3;143;0;86;0
C1T7GVHPG;1731;4;88;0;51;0
C1T7GVHPG;1731;5;143;1;97;2
C1T7GVHPG;1731;6;99;1;65;1
C1T7GVHPG;1731;7;75;3;56;3
C1T7GVHPG;1731;8;103;4;75;4
C1T7GVHPG;1731;9;126;1;86;1
C2T4GVHPG;2431;10;285;0;161;0
C2T4GVHPG;2431;11;239;1;150;3
C2T4GVHPG;2431;12;288;1;173;1
C2T4GVHPG;2431;13;300;0;179;2
C2T4GVHPG;2431;14;204;0;119;0
C2T4GVHPG;2431;15;250;1;150;2
C2T4GVHPG;2431;16;245;0;150;1
C2T4GVHPG;2431;17;269;1;163;1
C2T4GVHPG;2431;18;292;0;165;0
C2T4GVHPG;2431;19;256;0;149;1
C2T4GVHPG;2431;20;251;0;152;0
C2T4GVHPG;2431;21;192;0;104;0
C2T4GVHPG;2431;2;291;0;166;1
C2T4GVHPG;2431;3;245;0;148;1
C2T4GVHPG;2431;4;352;0;214;1
C2T4GVHPG;2431;5;265;0;153;0
C2T4GVHPG;2431;6;262;0;164;0
C2T4GVHPG;2431;7;246;0;145;0
C2T4GVHPG;2431;8;255;0;150;1
C2T4GVHPG;2431;9;223;0;132;0
C2T7GVHPG;2731;10;78;0;49;0
C2T7GVHPG;2731;11;126;1;83;1
C2T7GVHPG;2731;12;140;3;96;3
C2T7GVHPG;2731;13;175;0;115;0
C2T7GVHPG;2731;14;176;4;131;4
C2T7GVHPG;2731;15;142;1;98;2
C2T7GVHPG;2731;16;195;1;142;1
C2T7GVHPG;2731;17;117;3;78;3
C2T7GVHPG;2731;18;141;3;100;3
C2T7GVHPG;2731;19;115;1;75;1
C2T7GVHPG;2731;1;82;1;61;1
C2T7GVHPG;2731;20;97;2;68;2
C2T7GVHPG;2731;2;73;0;37;0
C2T7GVHPG;2731;3;108;3;70;3
C2T7GVHPG;2731;4;72;2;53;3
C2T7GVHPG;2731;5;95;4;72;4
C2T7GVHPG;2731;6;101;4;75;4
C2T7GVHPG;2731;7;87;2;63;2
C2T7GVHPG;2731;8;106;3;80;3
C2T7GVHPG;2731;9;137;3;106;3
C3T7GVHPG;3731;10;77;2;53;2
C3T7GVHPG;3731;11;47;1;36;1
C3T7GVHPG;3731;12;50;0;38;0
C3T7GVHPG;3731;13;72;1;37;1
C3T7GVHPG;3731;14;83;1;56;1
C3T7GVHPG;3731;15;65;0;41;0
C3T7GVHPG;3731;16;101;2;54;2
C3T7GVHPG;3731;17;82;0;57;0
C3T7GVHPG;3731;18;65;0;32;0
C3T7GVHPG;3731;1;62;1;44;1
C3T7GVHPG;3731;20;84;1;50;1
C3T7GVHPG;3731;21;93;1;48;1
C3T7GVHPG;3731;2;102;2;58;2
C3T7GVHPG;3731;3;90;0;53;0
C3T7GVHPG;3731;4;104;0;66;0
C3T7GVHPG;3731;5;82;3;56;3
C3T7GVHPG;3731;6;72;1;46;1
C3T7GVHPG;3731;7;77;4;53;4
C3T7GVHPG;3731;8;72;1;49;1
C3T7GVHPG;3731;9;82;0;48;0
J1T4GVHPG;4431;10;1189;109;642;117
J1T4GVHPG;4431;11;1141;81;596;87
J1T4GVHPG;4431;12;1195;99;607;111
J1T4GVHPG;4431;13;1300;113;640;131
J1T4GVHPG;4431;14;864;92;482;97
J1T4GVHPG;4431;15;1275;121;778;136
J1T4GVHPG;4431;16;1149;87;615;95
J1T4GVHPG;4431;17;1146;75;596;81
J1T4GVHPG;4431;18;1192;69;574;74
J1T4GVHPG;4431;19;1350;113;708;131
J1T4GVHPG;4431;1;1266;87;642;93
J1T4GVHPG;4431;20;1297;89;661;97
J1T4GVHPG;4431;21;1296;82;662;88
J1T4GVHPG;4431;2;1228;103;680;112
J1T4GVHPG;4431;3;1180;84;552;90
J1T4GVHPG;4431;4;1175;58;553;64
J1T4GVHPG;4431;5;1218;83;619;93
J1T4GVHPG;4431;7;1357;97;643;121
J1T4GVHPG;4431;8;1235;96;636;102
J1T4GVHPG;4431;9;914;54;466;58
J1T7GVHPG;4731;10;142;0;76;1
J1T7GVHPG;4731;11;184;0;62;0
J1T7GVHPG;4731;12;153;0;59;0
J1T7GVHPG;4731;13;301;2;172;2
J1T7GVHPG;4731;14;136;4;63;4
J1T7GVHPG;4731;15;176;0;79;0
J1T7GVHPG;4731;16;226;10;102;11
J1T7GVHPG;4731;17;178;4;84;4
J1T7GVHPG;4731;18;196;0;80;0
J1T7GVHPG;4731;19;146;2;62;2
J1T7GVHPG;4731;1;225;0;106;0
J1T7GVHPG;4731;20;357;4;220;4
J1T7GVHPG;4731;3;208;0;97;0
J1T7GVHPG;4731;4;200;2;89;2
J1T7GVHPG;4731;5;178;3;103;3
J1T7GVHPG;4731;6;167;14;112;14
J1T7GVHPG;4731;7;185;2;78;3
J1T7GVHPG;4731;8;267;0;116;0
J1T7GVHPG;4731;9;289;1;162;1
J2T7GVHPG;5731;10;294;5;148;5
J2T7GVHPG;5731;11;375;3;206;4
J2T7GVHPG;5731;12;318;7;155;8
J2T7GVHPG;5731;13;274;10;157;10
J2T7GVHPG;5731;14;267;2;132;2
J2T7GVHPG;5731;15;243;5;146;5
J2T7GVHPG;5731;16;341;22;231;24
J2T7GVHPG;5731;17;302;4;179;4
J2T7GVHPG;5731;18;238;1;111;1
J2T7GVHPG;5731;19;292;3;154;3
J2T7GVHPG;5731;1;266;3;144;3
J2T7GVHPG;5731;20;297;2;160;3
J2T7GVHPG;5731;2;383;2;193;2
J2T7GVHPG;5731;3;404;4;187;5
J2T7GVHPG;5731;4;300;3;158;3
J2T7GVHPG;5731;5;290;0;116;0
J2T7GVHPG;5731;6;278;3;110;3
J2T7GVHPG;5731;7;296;1;146;1
J2T7GVHPG;5731;8;203;1;109;1
J2T7GVHPG;5731;9;185;2;77;2
J3T4GVHPG;6431;10;602;3;363;3
J3T4GVHPG;6431;11;617;2;338;3
J3T4GVHPG;6431;12;646;7;384;8
J3T4GVHPG;6431;13;639;1;364;1
J3T4GVHPG;6431;14;848;2;457;2
J3T4GVHPG;6431;15;556;3;322;3
J3T4GVHPG;6431;16;959;0;502;2
J3T4GVHPG;6431;17;1102;3;609;3
J3T4GVHPG;6431;18;636;4;349;4
J3T4GVHPG;6431;19;717;1;350;2
J3T4GVHPG;6431;20;1010;3;511;3
J3T4GVHPG;6431;21;975;1;505;2
J3T4GVHPG;6431;22;880;1;412;2
J3T4GVHPG;6431;23;1028;0;557;0
J3T4GVHPG;6431;2;969;162;544;164
J3T4GVHPG;6431;3;905;1;441;1
J3T4GVHPG;6431;4;508;64;303;67
J3T4GVHPG;6431;5;523;3;295;3
J3T4GVHPG;6431;6;979;2;433;3
J3T4GVHPG;6431;7;687;4;389;4
J3T4GVHPG;6431;8;776;3;491;5
J3T4GVHPG;6431;9;627;1;365;1
J3T7GVHPG;6731;10;174;0;126;0
J3T7GVHPG;6731;11;230;1;185;1
J3T7GVHPG;6731;12;123;0;68;0
J3T7GVHPG;6731;13;167;0;116;0
J3T7GVHPG;6731;14;430;0;341;0
J3T7GVHPG;6731;15;580;18;493;19
J3T7GVHPG;6731;16;188;0;149;0
J3T7GVHPG;6731;17;207;1;165;1
J3T7GVHPG;6731;18;219;1;146;1
J3T7GVHPG;6731;19;135;0;88;0
J3T7GVHPG;6731;1;93;0;66;0
J3T7GVHPG;6731;20;142;0;87;0
J3T7GVHPG;6731;21;178;4;116;4
J3T7GVHPG;6731;22;105;0;60;0
J3T7GVHPG;6731;23;109;0;62;0
J3T7GVHPG;6731;2;135;1;77;1
J3T7GVHPG;6731;3;226;0;144;0
J3T7GVHPG;6731;4;127;0;81;0
J3T7GVHPG;6731;5;301;1;202;1
J3T7GVHPG;6731;6;96;0;69;0
J3T7GVHPG;6731;7;144;0;94;0
J3T7GVHPG;6731;8;176;3;120;4
J3T7GVHPG;6731;9;152;0;89;0
T0GVHPG;31;10;129;2;50;2
T0GVHPG;31;11;87;0;36;0
T0GVHPG;31;12;91;0;42;0
T0GVHPG;31;13;74;0;29;0
T0GVHPG;31;14;94;0;39;0
T0GVHPG;31;15;101;1;42;1
T0GVHPG;31;16;95;1;39;1
T0GVHPG;31;17;78;2;35;2
T0GVHPG;31;18;114;0;46;0
T0GVHPG;31;19;110;1;46;1
T0GVHPG;31;1;84;1;29;1
T0GVHPG;31;20;120;2;41;2
T0GVHPG;31;21;68;0;27;0
T0GVHPG;31;2;84;1;27;1
T0GVHPG;31;3;84;0;22;0
T0GVHPG;31;4;91;1;24;1
T0GVHPG;31;5;109;1;38;1
T0GVHPG;31;7;82;0;23;0
T0GVHPG;31;8;116;1;47;1
T0GVHPG;31;9;89;0;30;0
C1T4PSUHPG;1441;10;31;0;26;0
C1T4PSUHPG;1441;11;26;0;22;0
C1T4PSUHPG;1441;12;25;0;18;0
C1T4PSUHPG;1441;13;19;0;14;0
C1T4PSUHPG;1441;14;29;0;20;0
C1T4PSUHPG;1441;15;24;0;17;0
C1T4PSUHPG;1441;16;27;0;24;0
C1T4PSUHPG;1441;17;26;0;18;0
C1T4PSUHPG;1441;18;26;0;23;0
C1T4PSUHPG;1441;19;15;0;13;0
C1T4PSUHPG;1441;1;20;0;16;0
C1T4PSUHPG;1441;20;29;0;24;0
C1T4PSUHPG;1441;2;35;0;21;0
C1T4PSUHPG;1441;3;27;0;19;0
C1T4PSUHPG;1441;4;35;0;26;0
C1T4PSUHPG;1441;5;27;0;21;0
C1T4PSUHPG;1441;6;28;0;19;0
C1T4PSUHPG;1441;7;18;0;16;0
C1T4PSUHPG;1441;8;24;0;20;0
C1T4PSUHPG;1441;9;24;0;14;0
C1T7PSUHPG;1741;10;55;2;39;2
C1T7PSUHPG;1741;11;63;0;41;0
C1T7PSUHPG;1741;12;98;5;60;5
C1T7PSUHPG;1741;13;96;6;82;6
C1T7PSUHPG;1741;14;67;1;55;1
C1T7PSUHPG;1741;15;148;8;110;8
C1T7PSUHPG;1741;16;143;0;99;0
C1T7PSUHPG;1741;17;150;1;112;1
C1T7PSUHPG;1741;18;66;2;42;2
C1T7PSUHPG;1741;19;84;0;54;0
C1T7PSUHPG;1741;1;87;0;2;0
C1T7PSUHPG;1741;20;74;0;30;0
C1T7PSUHPG;1741;2;86;0;2;0
C1T7PSUHPG;1741;3;73;1;47;1
C1T7PSUHPG;1741;4;74;1;51;1
C1T7PSUHPG;1741;5;68;2;52;3
C1T7PSUHPG;1741;6;85;0;60;0
C1T7PSUHPG;1741;7;38;0;28;0
C1T7PSUHPG;1741;8;98;0;76;0
C1T7PSUHPG;1741;9;91;0;65;0
C2T4PSUHPG;2441;10;184;0;140;0
C2T4PSUHPG;2441;11;184;2;129;2
C2T4PSUHPG;2441;12;186;0;123;0
C2T4PSUHPG;2441;13;192;2;116;2
C2T4PSUHPG;2441;14;89;0;60;1
C2T4PSUHPG;2441;15;231;0;163;0
C2T4PSUHPG;2441;16;237;1;169;1
C2T4PSUHPG;2441;17;276;0;206;0
C2T4PSUHPG;2441;18;316;1;205;1
C2T4PSUHPG;2441;19;325;2;237;2
C2T4PSUHPG;2441;1;328;0;222;0
C2T4PSUHPG;2441;20;249;0;188;0
C2T4PSUHPG;2441;2;307;1;188;1
C2T4PSUHPG;2441;3;216;0;137;0
C2T4PSUHPG;2441;4;156;1;117;1
C2T4PSUHPG;2441;5;295;1;190;1
C2T4PSUHPG;2441;6;327;1;220;1
C2T4PSUHPG;2441;7;325;0;218;0
C2T4PSUHPG;2441;8;373;0;227;0
C2T4PSUHPG;2441;9;321;4;236;5
C2T7PSUHPG;2741;10;107;0;77;0
C2T7PSUHPG;2741;11;148;0;99;0
C2T7PSUHPG;2741;12;133;0;98;0
C2T7PSUHPG;2741;13;104;0;75;0
C2T7PSUHPG;2741;14;56;1;37;1
C2T7PSUHPG;2741;15;112;0;82;0
C2T7PSUHPG;2741;16;84;0;61;0
C2T7PSUHPG;2741;17;116;0;74;0
C2T7PSUHPG;2741;18;94;0;74;0
C2T7PSUHPG;2741;19;87;0;61;0
C2T7PSUHPG;2741;1;84;1;58;1
C2T7PSUHPG;2741;20;122;0;80;0
C2T7PSUHPG;2741;21;122;0;81;0
C2T7PSUHPG;2741;2;119;0;86;0
C2T7PSUHPG;2741;3;124;0;90;0
C2T7PSUHPG;2741;5;106;0;71;0
C2T7PSUHPG;2741;6;94;0;64;0
C2T7PSUHPG;2741;7;90;0;60;0
C2T7PSUHPG;2741;8;115;0;79;0
C2T7PSUHPG;2741;9;98;0;63;0
C3T7PSUHPG;3741;10;64;0;37;0
C3T7PSUHPG;3741;11;42;0;32;0
C3T7PSUHPG;3741;12;70;0;36;0
C3T7PSUHPG;3741;13;60;0;39;0
C3T7PSUHPG;3741;14;48;0;28;0
C3T7PSUHPG;3741;15;55;0;35;0
C3T7PSUHPG;3741;16;61;0;41;0
C3T7PSUHPG;3741;17;44;0;30;0
C3T7PSUHPG;3741;18;37;0;23;0
C3T7PSUHPG;3741;19;62;0;38;0
C3T7PSUHPG;3741;1;46;0;32;0
C3T7PSUHPG;3741;20;68;0;42;0
C3T7PSUHPG;3741;2;81;0;50;0
C3T7PSUHPG;3741;3;60;0;33;0
C3T7PSUHPG;3741;4;61;0;43;0
C3T7PSUHPG;3741;5;55;0;36;0
C3T7PSUHPG;3741;6;90;0;58;0
C3T7PSUHPG;3741;7;63;0;28;0
C3T7PSUHPG;3741;8;66;0;36;0
C3T7PSUHPG;3741;9;40;0;32;0
J1T4PSUHPG;4441;10;1184;400;603;582
J1T4PSUHPG;4441;11;1040;353;575;441
J1T4PSUHPG;4441;12;1140;443;665;552
J1T4PSUHPG;4441;13;625;233;382;271
J1T4PSUHPG;4441;14;1059;514;705;601
J1T4PSUHPG;4441;15;954;401;566;477
J1T4PSUHPG;4441;16;1000;398;603;475
J1T4PSUHPG;4441;17;1255;594;836;712
J1T4PSUHPG;4441;18;1103;474;695;569
J1T4PSUHPG;4441;19;664;256;386;316
J1T4PSUHPG;4441;1;1272;552;819;626
J1T4PSUHPG;4441;20;909;393;557;470
J1T4PSUHPG;4441;2;892;365;563;434
J1T4PSUHPG;4441;3;1240;571;765;700
J1T4PSUHPG;4441;4;1230;474;744;545
J1T4PSUHPG;4441;5;1268;506;749;576
J1T4PSUHPG;4441;6;1207;474;728;535
J1T4PSUHPG;4441;7;1240;446;747;512
J1T4PSUHPG;4441;8;1105;404;659;489
J1T4PSUHPG;4441;9;1086;426;639;510
J1T7PSUHPG;4741;10;233;32;129;32
J1T7PSUHPG;4741;11;203;21;95;24
J1T7PSUHPG;4741;12;203;9;80;11
J1T7PSUHPG;4741;13;170;5;77;8
J1T7PSUHPG;4741;14;211;17;110;18
J1T7PSUHPG;4741;15;264;19;122;20
J1T7PSUHPG;4741;16;181;31;101;39
J1T7PSUHPG;4741;17;210;9;102;10
J1T7PSUHPG;4741;18;207;15;106;21
J1T7PSUHPG;4741;19;199;20;80;22
J1T7PSUHPG;4741;1;192;9;95;12
J1T7PSUHPG;4741;20;153;10;80;10
J1T7PSUHPG;4741;2;126;4;77;4
J1T7PSUHPG;4741;3;148;27;77;33
J1T7PSUHPG;4741;4;150;5;66;6
J1T7PSUHPG;4741;5;184;18;71;19
J1T7PSUHPG;4741;6;214;47;146;47
J1T7PSUHPG;4741;7;184;13;75;14
J1T7PSUHPG;4741;8;164;5;77;6
J1T7PSUHPG;4741;9;190;4;75;5
J2T4PSUHPG;5441;10;150;16;81;20
J2T4PSUHPG;5441;11;189;14;77;23
J2T4PSUHPG;5441;12;157;24;75;29
J2T4PSUHPG;5441;13;165;16;77;16
J2T4PSUHPG;5441;14;177;16;95;19
J2T4PSUHPG;5441;15;172;2;72;2
J2T4PSUHPG;5441;16;142;5;60;6
J2T4PSUHPG;5441;17;212;9;85;9
J2T4PSUHPG;5441;18;194;7;109;7
J2T4PSUHPG;5441;19;203;20;107;23
J2T4PSUHPG;5441;1;178;5;78;5
J2T4PSUHPG;5441;20;151;12;75;15
J2T4PSUHPG;5441;2;166;6;73;6
J2T4PSUHPG;5441;3;221;9;105;10
J2T4PSUHPG;5441;4;182;25;90;26
J2T4PSUHPG;5441;5;182;16;81;23
J2T4PSUHPG;5441;6;154;10;78;13
J2T4PSUHPG;5441;7;213;21;109;22
J2T4PSUHPG;5441;8;211;29;111;31
J2T4PSUHPG;5441;9;185;15;93;16
J2T7PSUHPG;5741;10;209;12;96;15
J2T7PSUHPG;5741;11;327;27;147;30
J2T7PSUHPG;5741;12;227;28;109;32
J2T7PSUHPG;5741;13;116;0;26;0
J2T7PSUHPG;5741;14;112;1;26;1
J2T7PSUHPG;5741;15;169;9;63;9
J2T7PSUHPG;5741;16;191;8;89;8
J2T7PSUHPG;5741;17;145;4;55;4
J2T7PSUHPG;5741;18;258;16;117;16
J2T7PSUHPG;5741;19;200;12;90;12
J2T7PSUHPG;5741;1;194;10;100;12
J2T7PSUHPG;5741;20;174;16;73;17
J2T7PSUHPG;5741;2;200;11;103;12
J2T7PSUHPG;5741;3;255;18;125;22
J2T7PSUHPG;5741;4;226;16;105;17
J2T7PSUHPG;5741;5;322;16;167;17
J2T7PSUHPG;5741;6;348;26;177;30
J2T7PSUHPG;5741;7;252;12;91;13
J2T7PSUHPG;5741;8;316;11;126;12
J2T7PSUHPG;5741;9;76;0;30;0
J3T4PSUHPG;6441;10;530;133;259;202
J3T4PSUHPG;6441;11;461;129;254;172
J3T4PSUHPG;6441;12;463;149;267;203
J3T4PSUHPG;6441;13;674;205;401;292
J3T4PSUHPG;6441;14;741;261;464;369
J3T4PSUHPG;6441;15;578;207;353;266
J3T4PSUHPG;6441;16;1046;421;664;573
J3T4PSUHPG;6441;17;735;264;438;354
J3T4PSUHPG;6441;18;739;254;455;329
J3T4PSUHPG;6441;19;582;228;348;295
J3T4PSUHPG;6441;1;401;113;228;146
J3T4PSUHPG;6441;20;472;157;265;213
J3T4PSUHPG;6441;2;832;268;464;370
J3T4PSUHPG;6441;3;1008;284;541;424
J3T4PSUHPG;6441;4;383;84;191;128
J3T4PSUHPG;6441;5;849;235;462;349
J3T4PSUHPG;6441;6;766;211;410;306
J3T4PSUHPG;6441;7;965;266;546;375
J3T4PSUHPG;6441;8;851;235;455;346
J3T4PSUHPG;6441;9;966;267;531;386
J3T7PSUHPG;6741;10;238;17;154;17
J3T7PSUHPG;6741;11;343;26;199;28
J3T7PSUHPG;6741;12;110;10;63;10
J3T7PSUHPG;6741;13;133;7;69;7
J3T7PSUHPG;6741;14;86;0;24;0
J3T7PSUHPG;6741;15;103;0;37;0
J3T7PSUHPG;6741;16;262;18;168;20
J3T7PSUHPG;6741;17;131;10;54;10
J3T7PSUHPG;6741;18;151;12;69;12
J3T7PSUHPG;6741;19;116;8;57;8
J3T7PSUHPG;6741;1;130;6;63;7
J3T7PSUHPG;6741;20;96;1;38;1
J3T7PSUHPG;6741;2;97;7;49;7
J3T7PSUHPG;6741;3;110;2;46;2
J3T7PSUHPG;6741;4;168;11;98;11
J3T7PSUHPG;6741;5;224;6;115;6
J3T7PSUHPG;6741;6;81;2;34;2
J3T7PSUHPG;6741;7;115;5;44;6
J3T7PSUHPG;6741;8;130;3;57;3
J3T7PSUHPG;6741;9;137;4;54;4
T0PSUHPG;41;10;125;0;37;0
T0PSUHPG;41;11;109;0;39;0
T0PSUHPG;41;12;91;0;27;0
T0PSUHPG;41;13;109;0;36;0
T0PSUHPG;41;14;97;1;33;1
T0PSUHPG;41;15;84;0;19;0
T0PSUHPG;41;16;118;1;29;3
T0PSUHPG;41;17;99;1;27;1
T0PSUHPG;41;18;81;0;15;0
T0PSUHPG;41;19;99;0;24;0
T0PSUHPG;41;1;132;1;52;1
T0PSUHPG;41;20;83;0;26;0
T0PSUHPG;41;2;116;0;35;0
T0PSUHPG;41;3;50;0;11;0
T0PSUHPG;41;4;33;0;5;0
T0PSUHPG;41;5;117;0;27;0
T0PSUHPG;41;6;113;0;29;0
T0PSUHPG;41;7;119;0;38;0
T0PSUHPG;41;8;136;1;34;1
T0PSUHPG;41;9;115;0;30;0
C1T4ALTRSG;1422;10;105;1;99;1
C1T4ALTRSG;1422;11;56;0;52;0
C1T4ALTRSG;1422;12;80;0;75;0
C1T4ALTRSG;1422;13;68;0;67;0
C1T4ALTRSG;1422;14;78;3;74;3
C1T4ALTRSG;1422;15;59;1;52;1
C1T4ALTRSG;1422;16;61;1;56;1
C1T4ALTRSG;1422;17;71;0;65;0
C1T4ALTRSG;1422;18;95;3;80;3
C1T4ALTRSG;1422;19;92;1;88;1
C1T4ALTRSG;1422;20;111;0;105;0
C1T4ALTRSG;1422;21;104;2;101;2
C1T4ALTRSG;1422;22;89;1;81;1
C1T4ALTRSG;1422;23;67;0;48;0
C1T4ALTRSG;1422;24;98;1;88;1
C1T4ALTRSG;1422;5;73;0;70;0
C1T4ALTRSG;1422;6;93;0;86;0
C1T4ALTRSG;1422;7;68;1;67;1
C1T4ALTRSG;1422;8;89;0;80;0
C1T4ALTRSG;1422;9;73;1;73;1
C1T7ALTRSG;1722;10;37;0;17;0
C1T7ALTRSG;1722;11;26;0;19;0
C1T7ALTRSG;1722;12;53;0;28;0
C1T7ALTRSG;1722;13;46;0;22;0
C1T7ALTRSG;1722;14;56;0;26;0
C1T7ALTRSG;1722;15;41;0;22;0
C1T7ALTRSG;1722;16;44;0;26;0
C1T7ALTRSG;1722;17;36;0;12;0
C1T7ALTRSG;1722;18;29;0;13;0
C1T7ALTRSG;1722;19;40;0;13;0
C1T7ALTRSG;1722;1;48;0;24;0
C1T7ALTRSG;1722;20;42;0;13;0
C1T7ALTRSG;1722;2;54;0;28;0
C1T7ALTRSG;1722;3;57;0;24;0
C1T7ALTRSG;1722;4;34;1;7;1
C1T7ALTRSG;1722;5;34;0;29;0
C1T7ALTRSG;1722;6;30;0;20;0
C1T7ALTRSG;1722;7;42;0;22;0
C1T7ALTRSG;1722;8;41;0;28;0
C1T7ALTRSG;1722;9;46;0;20;0
C2T4ALTRSG;2422;10;43;0;40;0
C2T4ALTRSG;2422;11;43;2;42;2
C2T4ALTRSG;2422;12;52;0;49;0
C2T4ALTRSG;2422;13;46;0;46;0
C2T4ALTRSG;2422;14;31;0;26;0
C2T4ALTRSG;2422;15;45;1;40;1
C2T4ALTRSG;2422;16;50;0;49;0
C2T4ALTRSG;2422;17;47;0;41;0
C2T4ALTRSG;2422;18;62;0;54;0
C2T4ALTRSG;2422;19;50;0;47;0
C2T4ALTRSG;2422;1;41;0;41;0
C2T4ALTRSG;2422;20;51;1;49;1
C2T4ALTRSG;2422;2;46;0;36;0
C2T4ALTRSG;2422;3;36;0;36;0
C2T4ALTRSG;2422;4;37;0;33;0
C2T4ALTRSG;2422;5;45;0;43;0
C2T4ALTRSG;2422;6;48;0;48;0
C2T4ALTRSG;2422;7;33;0;32;0
C2T4ALTRSG;2422;8;46;0;45;0
C2T4ALTRSG;2422;9;51;0;47;0
C3T4ALTRSG;3422;10;138;1;132;1
C3T4ALTRSG;3422;11;115;0;95;0
C3T4ALTRSG;3422;12;155;0;140;0
C3T4ALTRSG;3422;13;139;0;113;0
C3T4ALTRSG;3422;14;132;0;126;0
C3T4ALTRSG;3422;15;131;1;119;1
C3T4ALTRSG;3422;16;122;1;97;1
C3T4ALTRSG;3422;17;90;0;69;0
C3T4ALTRSG;3422;18;151;0;126;0
C3T4ALTRSG;3422;19;97;0;86;0
C3T4ALTRSG;3422;1;136;4;133;4
C3T4ALTRSG;3422;20;79;2;75;2
C3T4ALTRSG;3422;2;134;1;127;1
C3T4ALTRSG;3422;3;138;0;122;0
C3T4ALTRSG;3422;4;151;0;141;0
C3T4ALTRSG;3422;5;138;1;128;1
C3T4ALTRSG;3422;6;144;1;140;1
C3T4ALTRSG;3422;7;162;1;135;1
C3T4ALTRSG;3422;8;78;0;62;0
C3T4ALTRSG;3422;9;160;0;134;0
J1T4ALTRSG;4422;10;122;3;120;3
J1T4ALTRSG;4422;11;129;2;129;2
J1T4ALTRSG;4422;12;122;0;117;0
J1T4ALTRSG;4422;13;167;1;164;1
J1T4ALTRSG;4422;14;117;2;114;2
J1T4ALTRSG;4422;15;129;1;118;1
J1T4ALTRSG;4422;16;137;2;130;2
J1T4ALTRSG;4422;17;156;8;150;8
J1T4ALTRSG;4422;18;158;6;155;6
J1T4ALTRSG;4422;19;134;5;128;5
J1T4ALTRSG;4422;1;115;2;111;2
J1T4ALTRSG;4422;20;119;0;117;0
J1T4ALTRSG;4422;2;112;1;112;1
J1T4ALTRSG;4422;3;127;1;127;1
J1T4ALTRSG;4422;4;141;4;125;4
J1T4ALTRSG;4422;5;176;1;175;1
J1T4ALTRSG;4422;6;126;0;125;0
J1T4ALTRSG;4422;7;113;1;110;1
J1T4ALTRSG;4422;8;130;1;126;1
J1T4ALTRSG;4422;9;141;2;137;2
J1T7ALTRSG;4722;10;53;3;42;3
J1T7ALTRSG;4722;11;61;0;43;0
J1T7ALTRSG;4722;12;68;1;41;1
J1T7ALTRSG;4722;13;90;0;63;0
J1T7ALTRSG;4722;14;105;0;84;0
J1T7ALTRSG;4722;16;47;0;23;0
J1T7ALTRSG;4722;17;61;0;33;0
J1T7ALTRSG;4722;18;51;0;18;0
J1T7ALTRSG;4722;19;63;0;38;0
J1T7ALTRSG;4722;1;107;6;94;7
J1T7ALTRSG;4722;20;52;0;29;0
J1T7ALTRSG;4722;21;43;1;29;1
J1T7ALTRSG;4722;2;103;2;82;2
J1T7ALTRSG;4722;3;77;0;58;0
J1T7ALTRSG;4722;4;48;0;25;0
J1T7ALTRSG;4722;5;72;0;48;0
J1T7ALTRSG;4722;6;189;0;164;0
J1T7ALTRSG;4722;7;43;0;29;0
J1T7ALTRSG;4722;8;48;0;33;0
J1T7ALTRSG;4722;9;94;4;84;4
J2T4ALTRSG;5422;10;204;2;201;2
J2T4ALTRSG;5422;11;249;4;239;4
J2T4ALTRSG;5422;12;228;6;220;6
J2T4ALTRSG;5422;13;167;8;164;8
J2T4ALTRSG;5422;14;150;4;144;4
J2T4ALTRSG;5422;15;245;6;237;6
J2T4ALTRSG;5422;16;199;5;195;5
J2T4ALTRSG;5422;17;184;5;183;5
J2T4ALTRSG;5422;18;211;4;208;4
J2T4ALTRSG;5422;19;168;3;164;3
J2T4ALTRSG;5422;1;168;10;163;10
J2T4ALTRSG;5422;20;214;5;203;5
J2T4ALTRSG;5422;2;236;18;211;19
J2T4ALTRSG;5422;3;231;9;209;9
J2T4ALTRSG;5422;4;191;9;186;9
J2T4ALTRSG;5422;5;169;4;164;4
J2T4ALTRSG;5422;6;236;6;230;6
J2T4ALTRSG;5422;7;148;1;144;1
J2T4ALTRSG;5422;8;372;4;362;4
J2T4ALTRSG;5422;9;186;7;185;7
J2T7ALTRSG;5722;10;98;1;76;1
J2T7ALTRSG;5722;11;122;0;100;0
J2T7ALTRSG;5722;12;132;2;112;3
J2T7ALTRSG;5722;13;106;0;78;0
J2T7ALTRSG;5722;14;102;0;79;0
J2T7ALTRSG;5722;15;131;3;106;3
J2T7ALTRSG;5722;16;80;0;60;0
J2T7ALTRSG;5722;17;83;0;70;0
J2T7ALTRSG;5722;18;114;3;98;3
J2T7ALTRSG;5722;19;105;1;76;1
J2T7ALTRSG;5722;20;107;1;92;1
J2T7ALTRSG;5722;21;112;2;90;2
J2T7ALTRSG;5722;22;83;0;65;0
J2T7ALTRSG;5722;23;72;0;41;0
J2T7ALTRSG;5722;3;117;0;85;0
J2T7ALTRSG;5722;4;116;1;101;1
J2T7ALTRSG;5722;5;113;0;96;0
J2T7ALTRSG;5722;6;125;0;113;0
J2T7ALTRSG;5722;7;104;3;90;3
J2T7ALTRSG;5722;8;120;1;108;1
J2T7ALTRSG;5722;9;129;5;117;5
J3T4ALTRSG;6422;10;159;14;158;14
J3T4ALTRSG;6422;11;118;11;116;11
J3T4ALTRSG;6422;12;187;12;181;12
J3T4ALTRSG;6422;13;184;13;153;15
J3T4ALTRSG;6422;14;126;6;122;6
J3T4ALTRSG;6422;15;132;4;132;4
J3T4ALTRSG;6422;16;149;10;149;10
J3T4ALTRSG;6422;17;144;4;142;4
J3T4ALTRSG;6422;18;125;7;121;7
J3T4ALTRSG;6422;19;112;7;104;8
J3T4ALTRSG;6422;1;144;7;144;7
J3T4ALTRSG;6422;20;120;7;120;7
J3T4ALTRSG;6422;2;123;11;119;11
J3T4ALTRSG;6422;3;166;11;164;11
J3T4ALTRSG;6422;4;137;13;137;13
J3T4ALTRSG;6422;5;149;11;147;11
J3T4ALTRSG;6422;6;157;3;129;5
J3T4ALTRSG;6422;7;159;4;158;4
J3T4ALTRSG;6422;8;154;11;148;11
J3T4ALTRSG;6422;9;137;10;133;10
J3T7ALTRSG;6722;10;112;0;96;0
J3T7ALTRSG;6722;11;121;1;86;1
J3T7ALTRSG;6722;12;118;2;87;2
J3T7ALTRSG;6722;13;132;0;122;0
J3T7ALTRSG;6722;14;101;2;92;2
J3T7ALTRSG;6722;15;99;0;88;0
J3T7ALTRSG;6722;16;113;0;100;0
J3T7ALTRSG;6722;17;120;0;107;0
J3T7ALTRSG;6722;18;121;1;111;1
J3T7ALTRSG;6722;19;132;3;116;3
J3T7ALTRSG;6722;1;131;2;121;2
J3T7ALTRSG;6722;20;136;1;94;1
J3T7ALTRSG;6722;2;127;8;108;10
J3T7ALTRSG;6722;3;109;1;82;1
J3T7ALTRSG;6722;4;116;2;104;2
J3T7ALTRSG;6722;5;108;1;91;1
J3T7ALTRSG;6722;6;113;4;98;4
J3T7ALTRSG;6722;7;129;4;115;4
J3T7ALTRSG;6722;8;103;2;84;2
J3T7ALTRSG;6722;9;119;4;105;4
T0ALTRSG;22;10;121;1;63;1
T0ALTRSG;22;11;162;3;130;3
T0ALTRSG;22;12;147;2;114;2
T0ALTRSG;22;13;124;4;72;4
T0ALTRSG;22;14;114;1;62;1
T0ALTRSG;22;15;114;1;51;1
T0ALTRSG;22;16;100;0;62;0
T0ALTRSG;22;17;93;1;38;1
T0ALTRSG;22;18;109;1;56;1
T0ALTRSG;22;19;96;2;19;2
T0ALTRSG;22;1;88;1;45;1
T0ALTRSG;22;20;98;0;49;0
T0ALTRSG;22;2;151;1;83;1
T0ALTRSG;22;3;27;1;16;1
T0ALTRSG;22;4;36;1;11;1
T0ALTRSG;22;5;136;3;95;3
T0ALTRSG;22;6;155;1;132;1
T0ALTRSG;22;7;127;1;106;1
T0ALTRSG;22;8;106;2;89;2
T0ALTRSG;22;9;112;0;46;0
C1T4EUBRSG;1412;10;105;77;93;81
C1T4EUBRSG;1412;11;120;78;107;78
C1T4EUBRSG;1412;12;95;64;80;68
C1T4EUBRSG;1412;13;100;69;83;74
C1T4EUBRSG;1412;14;99;81;95;81
C1T4EUBRSG;1412;15;103;72;89;75
C1T4EUBRSG;1412;16;102;87;92;90
C1T4EUBRSG;1412;17;101;82;93;82
C1T4EUBRSG;1412;18;83;61;70;63
C1T4EUBRSG;1412;19;77;61;68;62
C1T4EUBRSG;1412;1;91;67;75;73
C1T4EUBRSG;1412;20;73;54;63;55
C1T4EUBRSG;1412;2;91;56;65;60
C1T4EUBRSG;1412;3;91;65;78;66
C1T4EUBRSG;1412;4;86;68;78;68
C1T4EUBRSG;1412;5;84;55;70;57
C1T4EUBRSG;1412;6;139;100;119;106
C1T4EUBRSG;1412;7;98;77;93;80
C1T4EUBRSG;1412;8;95;78;86;83
C1T4EUBRSG;1412;9;107;80;100;80
C1T7EUBRSG;1712;10;39;22;25;27
C1T7EUBRSG;1712;11;43;15;25;16
C1T7EUBRSG;1712;12;49;22;30;24
C1T7EUBRSG;1712;13;46;28;32;32
C1T7EUBRSG;1712;14;35;12;23;13
C1T7EUBRSG;1712;15;61;21;32;22
C1T7EUBRSG;1712;16;66;22;35;25
C1T7EUBRSG;1712;17;39;21;28;21
C1T7EUBRSG;1712;18;56;17;20;31
C1T7EUBRSG;1712;19;54;17;32;17
C1T7EUBRSG;1712;1;59;25;41;26
C1T7EUBRSG;1712;20;57;23;29;26
C1T7EUBRSG;1712;2;80;14;20;21
C1T7EUBRSG;1712;3;64;16;22;18
C1T7EUBRSG;1712;4;54;14;21;17
C1T7EUBRSG;1712;5;51;18;25;20
C1T7EUBRSG;1712;6;85;35;43;47
C1T7EUBRSG;1712;7;42;18;20;27
C1T7EUBRSG;1712;8;56;14;16;26
C1T7EUBRSG;1712;9;86;32;40;38
C2T4EUBRSG;2412;10;41;30;36;30
C2T4EUBRSG;2412;11;30;21;26;22
C2T4EUBRSG;2412;12;39;27;32;28
C2T4EUBRSG;2412;13;44;24;34;26
C2T4EUBRSG;2412;14;22;18;19;20
C2T4EUBRSG;2412;15;38;25;29;25
C2T4EUBRSG;2412;16;33;21;23;23
C2T4EUBRSG;2412;17;42;35;39;35
C2T4EUBRSG;2412;18;33;22;27;23
C2T4EUBRSG;2412;19;45;29;43;31
C2T4EUBRSG;2412;1;36;22;27;25
C2T4EUBRSG;2412;20;33;26;29;27
C2T4EUBRSG;2412;2;40;20;27;21
C2T4EUBRSG;2412;3;34;24;28;24
C2T4EUBRSG;2412;4;43;31;36;33
C2T4EUBRSG;2412;5;42;32;38;32
C2T4EUBRSG;2412;6;41;29;36;30
C2T4EUBRSG;2412;7;45;36;38;36
C2T4EUBRSG;2412;8;32;24;27;26
C2T4EUBRSG;2412;9;48;41;43;43
C3T4EUBRSG;3412;10;138;93;118;94
C3T4EUBRSG;3412;11;128;91;123;91
C3T4EUBRSG;3412;12;168;111;161;111
C3T4EUBRSG;3412;13;109;72;101;72
C3T4EUBRSG;3412;14;94;54;81;54
C3T4EUBRSG;3412;15;159;95;132;96
C3T4EUBRSG;3412;16;86;51;77;51
C3T4EUBRSG;3412;17;138;89;109;94
C3T4EUBRSG;3412;18;97;60;89;60
C3T4EUBRSG;3412;19;187;118;163;119
C3T4EUBRSG;3412;1;168;149;166;149
C3T4EUBRSG;3412;20;171;107;143;108
C3T4EUBRSG;3412;21;97;66;87;67
C3T4EUBRSG;3412;2;169;141;162;143
C3T4EUBRSG;3412;3;189;120;148;125
C3T4EUBRSG;3412;4;163;128;158;129
C3T4EUBRSG;3412;5;125;92;113;93
C3T4EUBRSG;3412;6;128;76;115;77
C3T4EUBRSG;3412;7;167;100;147;101
C3T4EUBRSG;3412;8;116;75;97;77
C3T4EUBRSG;3412;9;152;103;134;104
J1T4EUBRSG;4412;10;132;127;130;128
J1T4EUBRSG;4412;11;111;109;110;110
J1T4EUBRSG;4412;12;93;90;92;90
J1T4EUBRSG;4412;13;109;103;105;106
J1T4EUBRSG;4412;14;118;114;117;115
J1T4EUBRSG;4412;15;108;100;106;101
J1T4EUBRSG;4412;16;138;136;136;137
J1T4EUBRSG;4412;17;146;143;145;143
J1T4EUBRSG;4412;18;121;119;121;119
J1T4EUBRSG;4412;19;128;121;122;125
J1T4EUBRSG;4412;1;127;123;125;124
J1T4EUBRSG;4412;20;186;186;186;186
J1T4EUBRSG;4412;2;138;134;135;135
J1T4EUBRSG;4412;3;125;120;123;121
J1T4EUBRSG;4412;4;120;115;118;115
J1T4EUBRSG;4412;5;108;99;104;103
J1T4EUBRSG;4412;6;120;112;113;117
J1T4EUBRSG;4412;7;120;112;113;117
J1T4EUBRSG;4412;8;112;106;108;106
J1T4EUBRSG;4412;9;169;162;167;162
J1T7EUBRSG;4712;10;85;60;66;66
J1T7EUBRSG;4712;11;82;40;43;59
J1T7EUBRSG;4712;12;80;47;51;55
J1T7EUBRSG;4712;13;86;65;68;75
J1T7EUBRSG;4712;14;79;46;57;52
J1T7EUBRSG;4712;15;69;55;60;59
J1T7EUBRSG;4712;16;127;99;109;109
J1T7EUBRSG;4712;17;93;51;59;67
J1T7EUBRSG;4712;18;83;44;50;60
J1T7EUBRSG;4712;19;93;56;62;72
J1T7EUBRSG;4712;1;43;17;20;18
J1T7EUBRSG;4712;20;104;65;71;75
J1T7EUBRSG;4712;2;82;49;57;56
J1T7EUBRSG;4712;3;124;71;80;78
J1T7EUBRSG;4712;4;77;51;54;57
J1T7EUBRSG;4712;5;92;54;60;70
J1T7EUBRSG;4712;6;73;54;58;60
J1T7EUBRSG;4712;7;85;33;35;44
J1T7EUBRSG;4712;8;98;45;49;55
J1T7EUBRSG;4712;9;95;58;62;63
J2T4EUBRSG;5412;10;136;129;134;130
J2T4EUBRSG;5412;11;153;146;150;147
J2T4EUBRSG;5412;12;178;169;172;169
J2T4EUBRSG;5412;13;169;163;167;165
J2T4EUBRSG;5412;14;196;192;195;193
J2T4EUBRSG;5412;15;209;200;204;204
J2T4EUBRSG;5412;16;221;213;219;214
J2T4EUBRSG;5412;17;206;199;202;200
J2T4EUBRSG;5412;18;215;206;208;210
J2T4EUBRSG;5412;19;199;191;195;193
J2T4EUBRSG;5412;1;219;216;218;216
J2T4EUBRSG;5412;20;207;199;203;200
J2T4EUBRSG;5412;2;136;133;135;133
J2T4EUBRSG;5412;3;216;212;215;213
J2T4EUBRSG;5412;4;213;208;213;208
J2T4EUBRSG;5412;5;202;192;198;193
J2T4EUBRSG;5412;6;166;162;164;162
J2T4EUBRSG;5412;7;159;157;159;157
J2T4EUBRSG;5412;8;158;152;155;153
J2T4EUBRSG;5412;9;171;164;167;164
J2T7EUBRSG;5712;10;117;78;89;86
J2T7EUBRSG;5712;11;102;70;76;77
J2T7EUBRSG;5712;12;144;107;116;111
J2T7EUBRSG;5712;13;136;95;107;100
J2T7EUBRSG;5712;14;104;70;76;79
J2T7EUBRSG;5712;15;136;108;114;117
J2T7EUBRSG;5712;16;125;102;107;107
J2T7EUBRSG;5712;17;108;85;90;93
J2T7EUBRSG;5712;18;103;82;86;90
J2T7EUBRSG;5712;19;96;67;71;74
J2T7EUBRSG;5712;1;150;112;118;118
J2T7EUBRSG;5712;20;105;70;81;73
J2T7EUBRSG;5712;2;95;68;76;71
J2T7EUBRSG;5712;3;93;66;72;71
J2T7EUBRSG;5712;4;97;73;75;78
J2T7EUBRSG;5712;5;88;67;70;68
J2T7EUBRSG;5712;6;102;81;83;84
J2T7EUBRSG;5712;7;98;77;86;80
J2T7EUBRSG;5712;8;91;56;65;60
J2T7EUBRSG;5712;9;118;80;88;88
J3T4EUBRSG;6412;10;131;126;128;128
J3T4EUBRSG;6412;11;128;123;126;125
J3T4EUBRSG;6412;12;121;119;121;119
J3T4EUBRSG;6412;13;113;110;111;111
J3T4EUBRSG;6412;14;136;133;133;135
J3T4EUBRSG;6412;15;131;122;123;129
J3T4EUBRSG;6412;16;165;151;158;153
J3T4EUBRSG;6412;17;154;150;152;151
J3T4EUBRSG;6412;18;170;168;169;168
J3T4EUBRSG;6412;19;133;131;132;131
J3T4EUBRSG;6412;1;157;141;143;148
J3T4EUBRSG;6412;20;99;98;99;98
J3T4EUBRSG;6412;2;144;136;141;137
J3T4EUBRSG;6412;3;155;152;153;154
J3T4EUBRSG;6412;4;147;141;145;143
J3T4EUBRSG;6412;5;140;133;135;136
J3T4EUBRSG;6412;6;109;96;97;108
J3T4EUBRSG;6412;7;107;101;105;103
J3T4EUBRSG;6412;8;133;130;130;132
J3T4EUBRSG;6412;9;123;118;120;118
J3T7EUBRSG;6712;10;112;78;80;100
J3T7EUBRSG;6712;11;66;57;58;58
J3T7EUBRSG;6712;12;82;69;70;75
J3T7EUBRSG;6712;13;87;77;80;80
J3T7EUBRSG;6712;14;88;73;78;78
J3T7EUBRSG;6712;15;99;81;87;87
J3T7EUBRSG;6712;16;73;53;58;57
J3T7EUBRSG;6712;17;88;66;72;75
J3T7EUBRSG;6712;18;104;79;86;83
J3T7EUBRSG;6712;19;75;60;65;64
J3T7EUBRSG;6712;1;85;65;68;70
J3T7EUBRSG;6712;20;85;55;68;63
J3T7EUBRSG;6712;2;90;74;81;75
J3T7EUBRSG;6712;3;123;98;104;105
J3T7EUBRSG;6712;4;96;76;84;79
J3T7EUBRSG;6712;5;102;65;70;81
J3T7EUBRSG;6712;6;103;76;80;89
J3T7EUBRSG;6712;7;151;112;119;121
J3T7EUBRSG;6712;8;78;57;64;62
J3T7EUBRSG;6712;9;115;89;91;100
T0EUBRSG;12;10;124;67;84;78
T0EUBRSG;12;11;154;62;86;72
T0EUBRSG;12;12;132;61;89;75
T0EUBRSG;12;13;114;71;97;78
T0EUBRSG;12;14;162;75;115;91
T0EUBRSG;12;15;132;58;86;71
T0EUBRSG;12;16;133;68;89;84
T0EUBRSG;12;17;138;66;97;78
T0EUBRSG;12;18;131;52;61;80
T0EUBRSG;12;19;128;53;71;83
T0EUBRSG;12;1;4;3;3;4
T0EUBRSG;12;20;142;81;108;99
T0EUBRSG;12;21;91;29;43;46
T0EUBRSG;12;22;79;32;51;47
T0EUBRSG;12;23;137;59;93;69
T0EUBRSG;12;24;115;56;77;69
T0EUBRSG;12;25;137;64;95;79
T0EUBRSG;12;26;14;10;10;14
T0EUBRSG;12;2;10;1;2;7
T0EUBRSG;12;3;7;2;2;7
T0EUBRSG;12;4;8;0;0;0
T0EUBRSG;12;5;193;75;103;97
T0EUBRSG;12;6;111;29;40;54
T0EUBRSG;12;7;50;13;21;20
T0EUBRSG;12;8;162;61;102;69
T0EUBRSG;12;9;129;70;102;81
C1T4GVRSG;1432;10;67;0;48;0
C1T4GVRSG;1432;11;73;1;32;1
C1T4GVRSG;1432;12;61;0;43;0
C1T4GVRSG;1432;13;63;0;43;0
C1T4GVRSG;1432;14;54;0;38;0
C1T4GVRSG;1432;15;43;0;33;0
C1T4GVRSG;1432;16;56;1;41;1
C1T4GVRSG;1432;17;36;0;17;0
C1T4GVRSG;1432;18;60;0;40;0
C1T4GVRSG;1432;19;63;0;52;0
C1T4GVRSG;1432;1;60;0;32;0
C1T4GVRSG;1432;21;26;0;7;0
C1T4GVRSG;1432;2;65;0;54;0
C1T4GVRSG;1432;3;56;0;36;0
C1T4GVRSG;1432;4;39;0;22;0
C1T4GVRSG;1432;5;50;0;37;0
C1T4GVRSG;1432;6;80;0;60;0
C1T4GVRSG;1432;7;49;0;39;0
C1T4GVRSG;1432;8;54;0;32;0
C1T4GVRSG;1432;9;44;0;29;0
C1T7GVRSG;1732;10;34;0;27;0
C1T7GVRSG;1732;11;36;0;27;0
C1T7GVRSG;1732;12;33;0;18;0
C1T7GVRSG;1732;13;31;1;19;1
C1T7GVRSG;1732;14;29;0;22;0
C1T7GVRSG;1732;15;25;0;21;0
C1T7GVRSG;1732;16;33;1;19;1
C1T7GVRSG;1732;17;27;0;16;0
C1T7GVRSG;1732;18;27;0;15;0
C1T7GVRSG;1732;19;22;0;15;0
C1T7GVRSG;1732;1;43;0;36;0
C1T7GVRSG;1732;20;33;1;27;1
C1T7GVRSG;1732;2;29;0;19;0
C1T7GVRSG;1732;3;25;0;19;0
C1T7GVRSG;1732;4;31;0;23;0
C1T7GVRSG;1732;5;39;0;21;0
C1T7GVRSG;1732;6;26;0;15;0
C1T7GVRSG;1732;7;51;0;41;0
C1T7GVRSG;1732;8;25;0;19;0
C1T7GVRSG;1732;9;16;0;9;0
C2T4GVRSG;2432;10;28;0;22;0
C2T4GVRSG;2432;11;35;0;18;0
C2T4GVRSG;2432;12;32;1;23;1
C2T4GVRSG;2432;13;42;0;28;0
C2T4GVRSG;2432;14;49;0;35;0
C2T4GVRSG;2432;15;44;0;35;0
C2T4GVRSG;2432;16;34;0;28;0
C2T4GVRSG;2432;17;48;0;39;0
C2T4GVRSG;2432;18;49;0;42;0
C2T4GVRSG;2432;19;48;0;37;0
C2T4GVRSG;2432;1;31;0;18;0
C2T4GVRSG;2432;20;55;0;42;0
C2T4GVRSG;2432;2;28;1;16;1
C2T4GVRSG;2432;3;28;0;17;0
C2T4GVRSG;2432;4;46;0;33;0
C2T4GVRSG;2432;5;37;0;34;0
C2T4GVRSG;2432;6;41;0;34;0
C2T4GVRSG;2432;7;20;0;14;0
C2T4GVRSG;2432;8;32;0;24;0
C2T4GVRSG;2432;9;31;1;26;1
C3T4GVRSG;3432;10;101;0;87;0
C3T4GVRSG;3432;11;91;0;79;0
C3T4GVRSG;3432;12;69;0;63;0
C3T4GVRSG;3432;13;39;0;30;0
C3T4GVRSG;3432;14;46;1;35;1
C3T4GVRSG;3432;15;30;0;24;0
C3T4GVRSG;3432;16;53;0;32;0
C3T4GVRSG;3432;17;24;0;21;0
C3T4GVRSG;3432;18;40;0;33;0
C3T4GVRSG;3432;19;70;0;60;0
C3T4GVRSG;3432;1;77;0;58;0
C3T4GVRSG;3432;20;60;0;37;0
C3T4GVRSG;3432;21;39;0;31;0
C3T4GVRSG;3432;22;75;0;58;0
C3T4GVRSG;3432;2;101;0;70;0
C3T4GVRSG;3432;3;111;0;74;0
C3T4GVRSG;3432;4;91;0;70;0
C3T4GVRSG;3432;5;67;0;60;0
C3T4GVRSG;3432;6;55;0;45;0
C3T4GVRSG;3432;7;91;0;77;0
C3T4GVRSG;3432;8;85;0;75;0
C3T4GVRSG;3432;9;50;0;38;0
J1T4GVRSG;4432;10;94;4;91;4
J1T4GVRSG;4432;11;105;4;104;4
J1T4GVRSG;4432;12;95;5;93;5
J1T4GVRSG;4432;13;150;5;142;5
J1T4GVRSG;4432;14;98;8;96;8
J1T4GVRSG;4432;15;101;5;99;5
J1T4GVRSG;4432;16;115;6;110;6
J1T4GVRSG;4432;17;147;6;145;6
J1T4GVRSG;4432;18;132;8;119;8
J1T4GVRSG;4432;19;92;1;90;1
J1T4GVRSG;4432;1;67;1;53;1
J1T4GVRSG;4432;20;138;6;132;6
J1T4GVRSG;4432;21;133;5;128;5
J1T4GVRSG;4432;22;164;6;157;6
J1T4GVRSG;4432;23;153;4;149;4
J1T4GVRSG;4432;24;149;5;142;5
J1T4GVRSG;4432;2;52;2;51;2
J1T4GVRSG;4432;3;76;2;66;2
J1T4GVRSG;4432;4;87;1;77;1
J1T4GVRSG;4432;5;55;0;51;0
J1T4GVRSG;4432;6;66;2;58;2
J1T4GVRSG;4432;7;73;1;70;1
J1T4GVRSG;4432;8;128;5;119;5
J1T4GVRSG;4432;9;98;5;92;5
J1T7GVRSG;4732;10;62;0;24;0
J1T7GVRSG;4732;11;62;0;41;0
J1T7GVRSG;4732;12;78;0;52;0
J1T7GVRSG;4732;13;65;0;25;0
J1T7GVRSG;4732;14;65;0;29;0
J1T7GVRSG;4732;15;59;0;23;0
J1T7GVRSG;4732;16;72;0;34;0
J1T7GVRSG;4732;17;61;0;39;0
J1T7GVRSG;4732;18;72;0;47;0
J1T7GVRSG;4732;19;75;0;31;0
J1T7GVRSG;4732;1;45;0;9;0
J1T7GVRSG;4732;20;115;0;56;0
J1T7GVRSG;4732;2;54;0;36;0
J1T7GVRSG;4732;3;54;2;26;2
J1T7GVRSG;4732;4;45;0;25;0
J1T7GVRSG;4732;5;59;1;37;2
J1T7GVRSG;4732;6;56;1;36;1
J1T7GVRSG;4732;7;63;0;40;0
J1T7GVRSG;4732;8;65;0;41;0
J1T7GVRSG;4732;9;61;0;31;0
J2T4GVRSG;5432;10;181;12;177;12
J2T4GVRSG;5432;11;210;13;208;13
J2T4GVRSG;5432;12;201;11;198;11
J2T4GVRSG;5432;13;182;10;179;10
J2T4GVRSG;5432;14;189;13;182;13
J2T4GVRSG;5432;15;179;13;176;13
J2T4GVRSG;5432;16;193;14;190;14
J2T4GVRSG;5432;17;222;7;220;7
J2T4GVRSG;5432;18;217;12;210;12
J2T4GVRSG;5432;19;156;12;153;12
J2T4GVRSG;5432;1;133;9;130;9
J2T4GVRSG;5432;20;180;13;173;13
J2T4GVRSG;5432;21;138;9;135;9
J2T4GVRSG;5432;22;178;11;174;11
J2T4GVRSG;5432;23;217;18;210;18
J2T4GVRSG;5432;24;187;12;186;12
J2T4GVRSG;5432;2;165;11;158;11
J2T4GVRSG;5432;3;197;18;187;18
J2T4GVRSG;5432;4;163;8;155;8
J2T4GVRSG;5432;5;180;11;177;11
J2T4GVRSG;5432;6;183;9;172;9
J2T4GVRSG;5432;7;195;14;187;14
J2T4GVRSG;5432;8;214;16;210;16
J2T4GVRSG;5432;9;212;16;210;16
J2T7GVRSG;5732;10;76;0;44;0
J2T7GVRSG;5732;11;62;1;45;1
J2T7GVRSG;5732;12;67;0;52;0
J2T7GVRSG;5732;13;116;3;78;3
J2T7GVRSG;5732;14;87;0;75;0
J2T7GVRSG;5732;15;97;0;72;0
J2T7GVRSG;5732;16;122;1;104;1
J2T7GVRSG;5732;17;104;0;71;0
J2T7GVRSG;5732;18;78;1;51;1
J2T7GVRSG;5732;19;101;1;66;1
J2T7GVRSG;5732;1;47;0;27;1
J2T7GVRSG;5732;20;71;1;54;1
J2T7GVRSG;5732;2;35;0;20;0
J2T7GVRSG;5732;3;50;0;32;0
J2T7GVRSG;5732;4;87;0;70;0
J2T7GVRSG;5732;5;70;0;46;0
J2T7GVRSG;5732;6;113;3;87;3
J2T7GVRSG;5732;7;27;0;20;0
J2T7GVRSG;5732;8;54;0;28;0
J2T7GVRSG;5732;9;60;0;46;0
J3T4GVRSG;6432;10;136;1;136;1
J3T4GVRSG;6432;11;150;1;146;1
J3T4GVRSG;6432;12;157;1;156;1
J3T4GVRSG;6432;13;160;1;154;1
J3T4GVRSG;6432;14;125;2;119;2
J3T4GVRSG;6432;15;152;1;146;1
J3T4GVRSG;6432;16;144;1;144;1
J3T4GVRSG;6432;17;156;0;151;0
J3T4GVRSG;6432;18;172;1;163;1
J3T4GVRSG;6432;19;156;0;155;0
J3T4GVRSG;6432;1;121;1;105;1
J3T4GVRSG;6432;20;131;0;129;0
J3T4GVRSG;6432;21;126;2;125;2
J3T4GVRSG;6432;22;126;0;124;0
J3T4GVRSG;6432;23;144;0;142;0
J3T4GVRSG;6432;24;128;1;128;1
J3T4GVRSG;6432;2;137;1;132;1
J3T4GVRSG;6432;3;121;0;119;0
J3T4GVRSG;6432;4;111;0;107;0
J3T4GVRSG;6432;5;127;0;127;0
J3T4GVRSG;6432;6;140;2;138;2
J3T4GVRSG;6432;7;136;0;134;0
J3T4GVRSG;6432;8;140;1;136;1
J3T4GVRSG;6432;9;156;0;155;0
J3T7GVRSG;6732;10;51;0;34;0
J3T7GVRSG;6732;11;36;0;25;0
J3T7GVRSG;6732;12;65;1;50;1
J3T7GVRSG;6732;13;71;0;55;0
J3T7GVRSG;6732;14;88;1;70;1
J3T7GVRSG;6732;15;117;4;105;4
J3T7GVRSG;6732;16;76;0;54;0
J3T7GVRSG;6732;17;68;1;57;1
J3T7GVRSG;6732;18;60;0;48;0
J3T7GVRSG;6732;19;70;0;51;0
J3T7GVRSG;6732;1;59;0;46;0
J3T7GVRSG;6732;20;58;0;46;0
J3T7GVRSG;6732;2;68;1;44;1
J3T7GVRSG;6732;3;58;0;39;0
J3T7GVRSG;6732;4;35;0;14;0
J3T7GVRSG;6732;6;32;0;18;0
J3T7GVRSG;6732;7;53;1;38;1
J3T7GVRSG;6732;8;51;0;36;0
J3T7GVRSG;6732;9;60;0;42;0
T0GVRSG;32;10;61;0;45;0
T0GVRSG;32;11;59;0;47;0
T0GVRSG;32;12;71;0;47;0
T0GVRSG;32;13;75;0;49;0
T0GVRSG;32;14;78;0;53;0
T0GVRSG;32;15;91;3;74;3
T0GVRSG;32;16;93;1;64;1
T0GVRSG;32;17;98;2;75;2
T0GVRSG;32;18;96;1;64;1
T0GVRSG;32;19;90;0;78;0
T0GVRSG;32;1;58;1;5;1
T0GVRSG;32;20;117;2;86;2
T0GVRSG;32;2;71;1;16;1
T0GVRSG;32;3;85;0;73;0
T0GVRSG;32;4;62;1;35;1
T0GVRSG;32;5;82;2;39;2
T0GVRSG;32;6;85;0;44;0
T0GVRSG;32;7;72;3;42;3
T0GVRSG;32;8;64;1;24;1
T0GVRSG;32;9;70;0;22;0
C1T4PSURSG;1442;10;70;0;36;0
C1T4PSURSG;1442;12;63;0;49;0
C1T4PSURSG;1442;13;134;0;84;0
C1T4PSURSG;1442;14;153;2;120;2
C1T4PSURSG;1442;15;175;2;153;2
C1T4PSURSG;1442;16;79;1;60;1
C1T4PSURSG;1442;17;85;0;61;0
C1T4PSURSG;1442;18;94;0;81;0
C1T4PSURSG;1442;19;112;0;97;0
C1T4PSURSG;1442;1;111;0;79;0
C1T4PSURSG;1442;20;78;0;69;0
C1T4PSURSG;1442;2;169;1;142;1
C1T4PSURSG;1442;3;139;0;111;0
C1T4PSURSG;1442;4;145;2;132;2
C1T4PSURSG;1442;5;50;1;41;1
C1T4PSURSG;1442;6;76;0;63;0
C1T4PSURSG;1442;7;125;0;117;0
C1T4PSURSG;1442;8;130;0;85;0
C1T4PSURSG;1442;9;91;0;67;0
C1T7PSURSG;1742;10;66;0;20;0
C1T7PSURSG;1742;11;55;0;20;0
C1T7PSURSG;1742;12;74;5;55;5
C1T7PSURSG;1742;13;80;0;12;0
C1T7PSURSG;1742;14;59;0;30;0
C1T7PSURSG;1742;15;69;0;27;0
C1T7PSURSG;1742;16;64;0;28;0
C1T7PSURSG;1742;17;54;0;24;0
C1T7PSURSG;1742;18;52;0;23;0
C1T7PSURSG;1742;19;43;0;9;0
C1T7PSURSG;1742;1;58;0;21;0
C1T7PSURSG;1742;20;66;0;18;0
C1T7PSURSG;1742;2;55;0;18;0
C1T7PSURSG;1742;3;53;0;16;0
C1T7PSURSG;1742;4;86;0;32;0
C1T7PSURSG;1742;5;67;0;24;0
C1T7PSURSG;1742;6;64;0;15;0
C1T7PSURSG;1742;7;82;0;23;0
C1T7PSURSG;1742;8;43;0;14;0
C1T7PSURSG;1742;9;87;0;26;0
C2T4PSURSG;2442;10;43;0;37;0
C2T4PSURSG;2442;11;38;0;14;0
C2T4PSURSG;2442;12;50;1;46;1
C2T4PSURSG;2442;13;48;1;39;1
C2T4PSURSG;2442;14;27;0;20;0
C2T4PSURSG;2442;15;56;0;45;0
C2T4PSURSG;2442;16;57;1;49;1
C2T4PSURSG;2442;17;47;0;36;0
C2T4PSURSG;2442;18;49;0;34;0
C2T4PSURSG;2442;19;45;0;34;0
C2T4PSURSG;2442;1;45;0;39;0
C2T4PSURSG;2442;20;48;0;35;0
C2T4PSURSG;2442;2;65;1;55;1
C2T4PSURSG;2442;3;48;0;46;0
C2T4PSURSG;2442;4;25;0;22;0
C2T4PSURSG;2442;5;44;0;35;0
C2T4PSURSG;2442;6;41;0;34;0
C2T4PSURSG;2442;7;60;0;38;0
C2T4PSURSG;2442;8;38;0;32;0
C2T4PSURSG;2442;9;40;0;30;0
C3T4PSURSG;3442;10;86;0;51;0
C3T4PSURSG;3442;11;136;0;112;0
C3T4PSURSG;3442;12;133;1;118;1
C3T4PSURSG;3442;13;132;1;119;1
C3T4PSURSG;3442;14;107;0;66;0
C3T4PSURSG;3442;15;125;0;87;0
C3T4PSURSG;3442;16;101;1;78;1
C3T4PSURSG;3442;17;130;0;105;0
C3T4PSURSG;3442;18;143;2;98;2
C3T4PSURSG;3442;19;88;0;55;0
C3T4PSURSG;3442;1;80;0;63;0
C3T4PSURSG;3442;20;153;1;128;1
C3T4PSURSG;3442;2;96;0;77;0
C3T4PSURSG;3442;3;127;0;111;0
C3T4PSURSG;3442;4;133;0;110;0
C3T4PSURSG;3442;5;110;0;93;0
C3T4PSURSG;3442;6;115;0;79;0
C3T4PSURSG;3442;7;120;1;84;1
C3T4PSURSG;3442;8;98;0;58;0
C3T4PSURSG;3442;9;109;3;82;3
J1T4PSURSG;4442;10;160;36;151;36
J1T4PSURSG;4442;11;146;32;117;32
J1T4PSURSG;4442;12;146;38;145;38
J1T4PSURSG;4442;13;134;20;128;20
J1T4PSURSG;4442;14;147;32;142;32
J1T4PSURSG;4442;15;145;37;142;37
J1T4PSURSG;4442;16;127;25;123;25
J1T4PSURSG;4442;17;141;31;135;31
J1T4PSURSG;4442;18;135;21;128;21
J1T4PSURSG;4442;19;154;32;150;32
J1T4PSURSG;4442;1;116;24;113;25
J1T4PSURSG;4442;20;253;28;250;28
J1T4PSURSG;4442;21;127;30;125;30
J1T4PSURSG;4442;2;156;33;134;34
J1T4PSURSG;4442;3;121;25;116;25
J1T4PSURSG;4442;5;132;22;122;22
J1T4PSURSG;4442;6;141;26;139;26
J1T4PSURSG;4442;7;123;28;116;28
J1T4PSURSG;4442;8;131;37;124;37
J1T4PSURSG;4442;9;125;28;118;28
J1T7PSURSG;4742;10;63;2;24;2
J1T7PSURSG;4742;11;86;1;33;1
J1T7PSURSG;4742;12;109;12;71;14
J1T7PSURSG;4742;13;143;15;94;18
J1T7PSURSG;4742;14;97;8;30;11
J1T7PSURSG;4742;15;86;2;57;2
J1T7PSURSG;4742;16;69;3;31;3
J1T7PSURSG;4742;17;66;10;38;12
J1T7PSURSG;4742;18;67;0;18;1
J1T7PSURSG;4742;19;91;4;41;4
J1T7PSURSG;4742;1;86;12;49;13
J1T7PSURSG;4742;20;73;10;35;10
J1T7PSURSG;4742;21;77;1;39;1
J1T7PSURSG;4742;2;142;11;68;11
J1T7PSURSG;4742;3;72;2;24;2
J1T7PSURSG;4742;4;131;14;70;22
J1T7PSURSG;4742;5;68;5;28;6
J1T7PSURSG;4742;6;59;4;19;4
J1T7PSURSG;4742;7;99;3;71;3
J1T7PSURSG;4742;8;71;2;26;2
J1T7PSURSG;4742;9;116;7;39;13
J2T4PSURSG;5442;10;195;67;159;74
J2T4PSURSG;5442;11;195;63;164;75
J2T4PSURSG;5442;12;187;65;158;77
J2T4PSURSG;5442;13;208;79;195;83
J2T4PSURSG;5442;14;196;68;185;71
J2T4PSURSG;5442;15;253;71;241;71
J2T4PSURSG;5442;16;192;57;174;61
J2T4PSURSG;5442;17;157;62;152;63
J2T4PSURSG;5442;18;177;56;159;61
J2T4PSURSG;5442;19;146;49;138;50
J2T4PSURSG;5442;1;178;66;156;69
J2T4PSURSG;5442;20;158;54;128;65
J2T4PSURSG;5442;2;226;67;191;81
J2T4PSURSG;5442;3;215;76;210;78
J2T4PSURSG;5442;4;179;80;173;81
J2T4PSURSG;5442;5;184;79;169;79
J2T4PSURSG;5442;6;172;51;143;59
J2T4PSURSG;5442;7;217;61;168;76
J2T4PSURSG;5442;8;208;71;197;73
J2T4PSURSG;5442;9;191;61;167;68
J2T7PSURSG;5742;10;310;47;228;54
J2T7PSURSG;5742;11;118;6;79;6
J2T7PSURSG;5742;12;139;11;108;11
J2T7PSURSG;5742;13;120;11;44;14
J2T7PSURSG;5742;14;120;10;92;10
J2T7PSURSG;5742;15;130;13;72;15
J2T7PSURSG;5742;16;98;11;78;13
J2T7PSURSG;5742;17;148;14;106;14
J2T7PSURSG;5742;18;110;10;43;10
J2T7PSURSG;5742;19;137;12;103;14
J2T7PSURSG;5742;1;127;8;89;8
J2T7PSURSG;5742;20;159;16;124;17
J2T7PSURSG;5742;21;77;7;51;7
J2T7PSURSG;5742;2;136;11;78;11
J2T7PSURSG;5742;3;121;5;53;9
J2T7PSURSG;5742;4;125;11;89;12
J2T7PSURSG;5742;5;116;7;91;7
J2T7PSURSG;5742;6;143;15;103;16
J2T7PSURSG;5742;7;144;10;110;10
J2T7PSURSG;5742;8;134;9;100;11
J2T7PSURSG;5742;9;103;11;67;11
J3T4PSURSG;6442;10;157;44;135;52
J3T4PSURSG;6442;11;166;34;102;45
J3T4PSURSG;6442;12;136;29;102;37
J3T4PSURSG;6442;13;144;41;130;44
J3T4PSURSG;6442;14;147;42;139;44
J3T4PSURSG;6442;15;159;48;152;49
J3T4PSURSG;6442;16;106;21;96;23
J3T4PSURSG;6442;17;84;19;78;21
J3T4PSURSG;6442;18;92;17;91;17
J3T4PSURSG;6442;19;143;42;140;42
J3T4PSURSG;6442;1;151;34;94;47
J3T4PSURSG;6442;20;177;49;167;50
J3T4PSURSG;6442;2;140;31;117;39
J3T4PSURSG;6442;3;124;28;109;33
J3T4PSURSG;6442;4;132;35;124;40
J3T4PSURSG;6442;5;106;25;74;27
J3T4PSURSG;6442;6;131;40;123;41
J3T4PSURSG;6442;7;145;39;121;42
J3T4PSURSG;6442;8;144;38;133;42
J3T4PSURSG;6442;9;151;45;123;51
J3T7PSURSG;6742;10;59;0;23;0
J3T7PSURSG;6742;11;99;7;48;11
J3T7PSURSG;6742;12;61;4;36;4
J3T7PSURSG;6742;13;81;3;60;4
J3T7PSURSG;6742;14;78;3;52;3
J3T7PSURSG;6742;15;134;7;85;7
J3T7PSURSG;6742;16;67;5;35;5
J3T7PSURSG;6742;17;79;8;37;12
J3T7PSURSG;6742;18;112;17;68;18
J3T7PSURSG;6742;19;96;9;60;13
J3T7PSURSG;6742;1;78;8;50;9
J3T7PSURSG;6742;20;69;8;41;11
J3T7PSURSG;6742;21;127;8;62;16
J3T7PSURSG;6742;2;62;3;45;3
J3T7PSURSG;6742;3;92;9;67;10
J3T7PSURSG;6742;4;97;14;74;14
J3T7PSURSG;6742;5;91;5;55;7
J3T7PSURSG;6742;6;107;16;94;16
J3T7PSURSG;6742;7;35;1;30;1
J3T7PSURSG;6742;8;43;3;23;3
J3T7PSURSG;6742;9;92;11;42;14
T0PSURSG;42;10;95;3;58;3
T0PSURSG;42;11;76;0;59;0
T0PSURSG;42;12;101;4;52;4
T0PSURSG;42;13;98;1;67;1
T0PSURSG;42;14;128;0;74;0
T0PSURSG;42;15;90;1;39;1
T0PSURSG;42;16;115;0;40;0
T0PSURSG;42;17;101;1;47;1
T0PSURSG;42;18;103;1;33;1
T0PSURSG;42;19;117;0;47;0
T0PSURSG;42;1;81;3;53;3
T0PSURSG;42;20;96;0;42;0
T0PSURSG;42;2;114;0;68;0
T0PSURSG;42;3;108;1;62;1
T0PSURSG;42;4;111;0;38;0
T0PSURSG;42;5;111;3;74;3
T0PSURSG;42;6;93;2;56;2
T0PSURSG;42;7;90;2;35;2
T0PSURSG;42;8;93;1;36;1
T0PSURSG;42;9;96;0;71;0